date,region,AQI,PM2.5,NO2,SO2,CO,O3,temperature,humidity
01-01-2020,East,109.9342831,31.38288663,47.65402156,25.87407029,0.956973035,32.57468152,37.55566274,20.54279947
02-01-2020,Central,97.23471398,47.09422484,50.73412702,10.60509528,0.990203229,23.74913844,24.90034219,27.30878503
03-01-2020,East,112.9537708,53.795917,44.98689912,18.36102472,1.019288464,35.53085105,23.43716471,80.05597722
04-01-2020,West,130.4605971,88.31531486,20.57502309,19.79169988,1.284058438,25.27710647,22.38820037,25.92998815
05-01-2020,South,95.31693251,68.34829687,38.44577567,20.07954329,0.775834807,35.9964403,26.88183519,34.94634266
06-01-2020,South,95.31726086,39.96777646,28.44292425,20.90248028,0.746095903,27.8071082,26.93291295,36.13826762
07-01-2020,West,131.5842563,67.29054434,37.97394227,23.0521991,1.370985923,16.23162299,29.75313937,62.01643388
08-01-2020,West,115.3486946,36.79044017,49.80004236,19.8229628,0.861206577,22.14067008,20.36968918,60.36429585
09-01-2020,North,90.61051228,76.24036581,43.05150836,18.15970859,0.621089394,26.55668233,23.43752561,40.25922664
10-01-2020,East,110.8512009,52.93313022,51.48090866,17.96205328,0.854461017,40.94551219,35.15272862,34.53279559
11-01-2020,South,90.73164614,58.59545717,43.41753921,16.94242099,0.900984179,37.20914904,26.12295317,73.51724209
12-01-2020,South,90.68540493,79.88694971,27.0167406,23.93771662,1.466488818,42.9908913,24.13737813,85.48193089
13-01-2020,East,104.8392454,40.69254647,14.79152993,16.7673576,1.277447864,43.22908173,20.29191117,23.69639759
14-01-2020,North,61.73439511,39.04322722,41.48808762,24.23385555,1.344256185,25.72199356,27.52967153,29.32263239
15-01-2020,Central,65.50164335,51.2460101,37.86073534,20.09499541,1.245992093,28.49210512,30.15509109,64.95147921
16-01-2020,Central,88.75424942,75.57568277,30.23054261,17.39372597,1.283873101,26.70976061,29.37293823,76.31090162
17-01-2020,Central,79.74337759,37.20980887,22.9937275,23.09203608,0.793575362,24.62791516,23.70599568,75.38320681
18-01-2020,South,106.2849467,17.51766603,32.65256787,16.36273038,0.940419353,15.26804233,26.80626142,70.37782072
19-01-2020,North,81.83951849,53.23261712,38.05508515,23.1909202,0.703025406,29.88201826,33.35829718,82.11995681
20-01-2020,West,71.75392597,68.276112,46.65877824,21.06363061,0.936853591,19.71547525,30.35441146,35.21442157
21-01-2020,South,129.3129754,78.00392625,41.88631082,17.01837655,1.205231497,29.72662495,21.07918629,27.51036625
22-01-2020,West,95.48447399,53.05257957,56.08067247,22.64317408,1.040374985,46.92616648,12.26997468,63.07540791
23-01-2020,West,101.3505641,53.82860089,29.64395944,22.73294863,1.393444246,25.92523923,26.48386254,77.55931241
24-01-2020,West,71.50503628,77.30851101,48.81058892,25.78759803,0.657575262,31.55819205,28.99284063,60.74305049
25-01-2020,Central,89.11234551,31.9538745,40.47298743,24.83073506,1.150071505,37.25318709,19.55387754,87.40982412
26-01-2020,North,102.2184518,54.17218837,46.94669124,22.4563701,0.625509159,32.24233034,24.95605239,75.6895123
27-01-2020,East,76.98012845,62.85635835,35.63485137,14.36204524,1.028252941,32.3398735,23.68150467,69.05542606
28-01-2020,South,107.5139604,66.73828082,50.71680374,32.24293494,1.222100027,27.10078053,25.52143161,24.21801036
29-01-2020,Central,87.9872262,52.3528996,42.95224758,12.98191894,0.93564923,28.1449762,22.27651856,27.54195671
30-01-2020,South,94.166125,60.51661518,33.20555015,24.74631587,1.165337981,22.31991582,31.45255499,74.93863428
31-01-2020,South,87.96586776,22.6750897,39.87975971,22.15641908,0.7120803,36.76836007,25.7398444,33.87665479
01-02-2020,Central,137.0455637,50.12627381,37.60444141,14.12928814,0.500893007,16.06806675,20.60491557,22.01846233
02-02-2020,South,99.73005551,66.80263069,44.89178351,19.37849531,1.167108887,37.76870671,29.58731077,83.753248
03-02-2020,East,78.84578142,45.26558949,28.20223251,19.60623557,1.52320307,18.77041292,18.67906202,82.35637616
04-02-2020,South,116.4508982,60.88476332,39.70648298,26.52791358,0.701186518,37.70085819,31.42247189,35.29386791
05-02-2020,East,75.583127,66.70308751,43.95307253,16.4334455,1.366658254,27.16945979,29.95529712,74.61443807
06-02-2020,West,104.1772719,54.86176199,40.33023307,18.69027497,1.013027023,20.14505049,31.94887648,23.35857628
07-02-2020,South,60.80659752,62.55695656,53.46941244,8.319651975,0.599292543,34.63438916,24.20876814,39.95406027
08-02-2020,South,73.43627902,45.55901152,47.74022774,28.67381397,0.66054841,37.43014028,22.5194301,63.65668358
09-02-2020,North,103.9372247,56.9008308,39.92519203,14.64765878,1.004735432,26.49537082,25.4201088,73.42252973
10-02-2020,South,114.7693316,69.15324254,42.16689097,21.63455432,0.878661314,35.76488439,24.57781607,20.72794322
11-02-2020,West,103.4273656,62.35459441,42.95665551,19.49296085,0.606126107,11.71932404,21.73631857,42.83460293
12-02-2020,South,97.68703435,51.20203096,44.03299604,19.50999517,0.491788216,19.43522968,22.23188343,35.0041892
13-02-2020,Central,93.97792609,63.36324606,21.74342004,24.04930992,0.745984202,40.33927144,23.16813576,89.9146284
14-02-2020,West,70.42956019,70.71914686,36.98473704,28.3563123,1.058142702,28.21064581,19.14998157,66.96875627
15-02-2020,Central,85.60311583,29.25088082,25.15560932,21.25746835,0.998079774,15.10229339,28.38981645,48.3970017
16-02-2020,East,90.78722458,77.38611097,52.78280947,23.27539009,0.849628613,24.40907056,24.73851431,25.29568214
17-02-2020,West,121.1424445,54.95617892,39.3915048,21.64445768,1.060566158,22.61279622,23.45810765,61.90691803
18-02-2020,North,106.8723658,66.382349,38.0665905,25.08765712,1.312008016,28.67230615,19.4482292,64.91910297
19-02-2020,North,64.73919689,77.95870385,48.96797332,17.6854181,1.118237953,27.03399213,19.19813511,77.14841493
20-02-2020,West,106.4816794,39.42489454,44.22324797,25.37695277,0.963607399,31.43145383,34.67957025,40.2003797
21-02-2020,North,92.29835439,49.35838496,28.71365486,25.55249933,1.278421602,29.44427159,21.86371269,88.69996563
22-02-2020,East,86.46155999,55.67176956,39.29094637,25.41268504,0.712044909,40.87791404,28.05264197,50.76260175
23-02-2020,South,112.2335258,48.24369718,36.64833027,16.69926066,0.932524138,33.3963888,25.81317235,40.71606283
24-02-2020,East,120.6199904,86.02404864,22.55467111,19.15831183,0.939673619,33.66137289,11.12405769,44.39145338
25-02-2020,South,118.6256024,47.14841859,33.09723767,21.19733494,0.628914022,39.32125699,33.96225412,56.37102371
26-02-2020,Central,83.21564954,51.66679831,38.16459678,13.14578978,0.874037751,26.88985,28.42041989,85.56910952
27-02-2020,South,93.81575248,63.06583547,38.85049069,27.97460104,0.377512096,19.90498045,21.16164923,71.46111585
28-02-2020,North,106.6252686,41.96775711,25.17768576,19.93861733,1.573653414,39.6557626,24.85816748,60.39767546
29-02-2020,East,119.5109025,54.06478932,51.51665583,21.41963944,0.718775863,31.08673398,19.25408316,31.39672716
01-03-2020,East,90.41651524,64.76179892,38.97896941,17.1149778,1.475834239,31.11480966,34.13110239,30.45473176
02-03-2020,Central,96.28682047,55.00709393,40.37553077,13.3656122,1.011425352,24.93336063,20.46171146,55.15378397
03-03-2020,North,77.87330052,58.59919712,44.00641638,16.97985057,1.16945924,25.06515734,22.38458002,71.00960932
04-03-2020,Central,76.07586752,52.06001831,32.11923746,21.09602094,0.85336006,36.77377871,21.35219461,72.57085209
05-03-2020,West,116.2505164,37.28294536,44.56355973,23.36714406,1.062378908,37.87724639,25.401897,35.81400687
06-03-2020,Central,127.1248006,64.82389817,36.32925354,20.8089577,1.195146892,36.27058725,31.8515825,27.0069659
07-03-2020,East,98.55979757,86.32399607,31.03414459,21.73362008,1.199365724,36.34369284,33.94687225,46.91226925
08-03-2020,North,120.070658,60.27602446,45.73447493,18.31486813,1.232432017,34.5522363,23.00501928,84.27207803
09-03-2020,North,107.2327205,63.37896176,54.91673859,22.48124283,0.889500187,31.05218184,26.89129491,58.17570769
10-03-2020,East,87.09760491,70.39084133,47.24829373,27.41416433,0.855892098,28.59696253,25.40952706,42.40698368
11-03-2020,North,107.2279121,40.96004255,49.22977565,23.52394721,0.521747102,39.6825908,20.09195368,42.65463678
12-03-2020,South,130.7607313,85.53771987,34.79369393,24.04770944,1.156965703,27.01023304,37.11277787,29.24609317
13-03-2020,South,99.28347922,63.03493195,24.02380271,21.470082,1.324713613,32.95983371,31.81379781,53.12566153
14-03-2020,South,131.2928731,84.47785349,54.90137522,12.48422465,1.484794504,23.56789602,25.94557925,75.3953875
15-03-2020,North,47.60509792,49.00450507,60.54514889,14.77666735,1.09155179,24.72560771,32.90938047,87.79910841
16-03-2020,East,116.4380501,87.27092884,55.42806774,22.274379,0.770056068,28.11076346,31.06053356,55.11165
17-03-2020,South,101.7409414,71.62733241,36.64214061,19.94530474,0.490871157,23.56849299,25.40930671,31.70504411
18-03-2020,North,94.01985299,68.29560129,28.45365661,22.19921443,1.31250002,36.3828146,26.62981803,67.80652799
19-03-2020,South,101.8352155,63.51036682,29.34317302,28.38211709,0.46111703,19.21572599,32.56063071,72.97539399
20-03-2020,North,60.24862171,56.27207073,23.16267432,23.63018,0.897818777,30.79383699,20.26923209,25.01898246
21-03-2020,South,95.60656224,78.00797488,38.92621382,26.29443103,0.932707952,31.06006477,33.36845349,79.50973907
22-03-2020,Central,107.1422514,62.10539805,56.05677958,20.47340695,0.979163459,15.51360337,23.8744372,78.0525673
23-03-2020,South,129.5578809,30.49395445,38.58337368,15.96392161,1.01074078,26.47180944,32.62338371,53.07787378
24-03-2020,North,89.63459563,43.24220307,43.023229,19.7106692,1.041444267,32.0455963,24.97386701,59.2295763
25-03-2020,East,83.83012794,57.21231372,53.75596964,15.97624093,0.275391021,33.42982395,26.68803111,69.93856446
26-03-2020,South,89.96485913,64.64998475,35.95904688,27.79147478,1.004396773,28.36554233,24.82845822,67.37236875
27-03-2020,Central,118.3080424,59.15117267,60.35531457,23.95195538,0.331127328,35.41510564,22.34078189,21.15751847
28-03-2020,Central,106.5750222,78.28456185,59.92094407,22.60256248,1.219665422,29.12546994,23.64972551,28.57047127
29-03-2020,South,89.40479592,30.73347204,38.68888661,26.17971601,0.833462453,30.1092233,31.89555702,31.3813389
30-03-2020,East,110.2653487,62.15381905,34.22465736,9.899717927,0.352888982,32.01323095,13.42918009,72.89731224
31-03-2020,East,101.941551,32.73031162,46.97238046,22.94068976,0.755738597,37.41599703,18.80517028,50.8058494
01-04-2020,West,119.3728998,71.39568443,36.52475057,13.44677108,0.828977398,24.59425598,21.37264145,58.18518385
02-04-2020,West,85.95893812,58.58311928,28.43444783,19.96372151,1.357209885,26.10542502,19.60827604,74.08812058
03-04-2020,East,93.44675707,66.29414958,52.81238654,18.44146204,1.058991323,24.64882807,32.54989805,43.86875883
04-04-2020,North,92.15783694,47.04175559,52.16447387,23.30868306,1.103333483,27.34241827,31.28838489,72.42231591
05-04-2020,South,70.72970104,79.19197397,41.55511604,21.14093644,1.35436649,41.40987406,27.96015905,50.96094922
06-04-2020,West,105.9224055,75.62586996,27.37135246,26.72558587,0.971156714,34.58180255,21.81097966,46.40261314
07-04-2020,North,105.2211054,68.75316455,27.70473749,16.9905142,1.226256388,20.95128204,31.67525933,43.31260848
08-04-2020,East,100.1022691,58.0572413,41.07229288,23.54557195,1.205158334,25.19642428,17.05935037,87.54613708
09-04-2020,Central,95.30825733,68.69785928,35.00128965,20.81111608,0.614059152,32.98213779,35.7099132,74.03813875
10-04-2020,South,71.69258516,49.39661148,36.58907068,11.82354865,1.441895073,22.74793775,21.57685101,21.41371585
11-04-2020,East,91.58709354,72.83333489,50.21963155,15.40691771,0.573909466,24.19727967,23.68982389,87.01908406
12-04-2020,West,93.14570967,84.74221341,47.33179317,19.25060983,1.275209995,40.75967733,22.85328075,74.28077408
13-04-2020,Central,83.95445462,76.0591584,53.7814268,25.56146225,0.544878089,25.09299497,19.63446293,30.44223001
14-04-2020,East,96.77428577,49.05596295,30.09376777,22.31861529,1.180371036,37.63733453,34.62556562,25.34366878
15-04-2020,West,108.0810171,65.42125976,36.56808431,14.16249588,1.558574463,40.04258552,28.94447315,41.57358656
16-04-2020,West,137.723718,40.60287684,47.58981695,19.29841886,0.936106403,24.13230327,31.07735271,63.69270705
17-04-2020,North,103.4915563,68.58585467,44.48078341,30.08903224,0.923093307,22.88029955,18.88165364,63.15826824
18-04-2020,East,105.1510078,66.75905119,55.32380383,20.55611667,1.183132,27.79094331,25.90468914,39.30950876
19-04-2020,West,98.51108168,31.95275491,44.20536706,18.36337212,0.901181063,21.29097823,27.60514345,51.19724851
20-04-2020,South,61.62457569,42.57324234,58.48109104,22.4586982,1.545483611,30.96827103,26.35378262,34.8323109
21-04-2020,South,99.46972249,55.75291655,45.40017802,23.8169654,1.057657675,28.35478471,19.19813274,23.54050796
22-04-2020,West,101.2046042,55.48710379,50.62167448,17.71915826,0.903949148,32.88464013,30.37750011,56.18793272
23-04-2020,East,149.2648422,41.85784597,36.76485053,22.51287387,0.837914342,41.17554765,25.60775041,44.2893794
24-04-2020,Central,96.1527807,65.83468094,40.14287212,18.35555252,0.720115459,36.53987985,20.22517982,58.00177026
25-04-2020,East,106.0309468,63.77210413,49.10944404,23.59663801,0.811673504,33.9139182,15.7237473,86.25551257
26-04-2020,North,99.30576461,57.08596302,56.12978171,20.84846579,0.894797982,14.2716127,28.03333257,30.03592182
27-04-2020,West,76.62643925,48.6631275,47.29236949,22.40983914,0.853708278,33.54700786,37.25227867,20.13734128
28-04-2020,West,122.8564563,75.7306069,39.16828228,16.20408227,0.802547418,43.78102129,19.92372863,25.38147493
29-04-2020,East,115.0386607,84.8311067,53.7733503,15.89356808,1.629652369,5.915819869,25.85223525,52.38958073
30-04-2020,East,115.8206389,52.74657774,18.08021344,24.72748652,0.690971477,35.51506034,30.5524864,69.48524209
01-05-2020,North,81.8122509,50.81749624,25.77765498,19.60301809,1.043989776,28.7251314,18.65173867,60.65345223
02-05-2020,South,128.0558862,67.36811498,46.81634224,21.42517371,1.177756303,23.20163998,22.60021615,54.64262252
03-05-2020,South,71.96297874,54.6295593,40.14108356,18.46802286,1.189032399,36.40902867,20.6992061,44.77741918
04-05-2020,North,111.7371419,57.90904199,46.05513651,24.49363387,0.982417877,43.6776472,29.92338347,41.69819201
05-05-2020,Central,143.8091125,71.09479728,40.64407522,16.9609501,0.927789228,36.20184583,31.62761285,46.34003226
06-05-2020,North,80.1892735,31.35965869,45.70945695,19.3219938,1.135464247,27.03046439,25.79518132,62.81444678
07-05-2020,North,88.67404541,79.77453487,31.85597179,23.92996406,1.079956495,22.4522414,20.79132966,31.74277691
08-05-2020,North,101.9930273,61.09020786,45.70486086,25.8648385,0.92231235,31.15702107,22.78604531,73.99534581
09-05-2020,South,89.93048692,53.82760283,49.94414528,17.38120354,0.531436428,36.98535434,21.84750743,60.26772681
10-05-2020,Central,68.98673138,58.66148769,52.20550604,29.79841991,0.859622883,26.90357579,20.11365569,38.84094643
11-05-2020,West,101.3712595,59.43644033,60.13554295,21.56620847,0.656034951,27.67693607,24.489809,55.0807074
12-05-2020,East,78.75392573,34.03198045,42.44098444,14.78535869,0.799852135,52.576002,27.87413242,87.39450814
13-05-2020,North,109.4718486,82.42407341,42.73911087,21.84526024,1.009966972,38.62921557,27.45128722,21.43440704
14-05-2020,East,81.61151532,60.61988448,24.76827536,18.08500393,1.107620843,39.20102943,24.95883818,33.96658486
15-05-2020,Central,130.9986881,66.64503196,34.68588599,22.17034244,1.534135825,18.31771275,25.28526918,51.38661679
16-05-2020,North,84.33493415,74.27324656,38.06917926,19.78571876,0.838778086,24.34249057,24.59224602,64.69078052
17-05-2020,South,93.55876968,44.68256314,50.50319552,20.37136845,1.232387691,30.59745312,18.5139423,34.85597864
18-05-2020,North,116.2703443,67.10207849,33.88998876,15.44203312,1.091788007,21.99089954,25.80067448,85.19827639
19-05-2020,Central,75.38271367,55.98538364,47.9634002,24.95030615,1.388799301,42.80317839,22.08187207,64.98004087
20-05-2020,North,104.5491987,72.70156163,39.98378283,14.21936316,1.172868616,41.28249845,18.2632839,81.42023643
21-05-2020,West,126.1428551,28.09158869,38.22831885,14.45617552,0.697455572,25.7316373,26.85352784,43.05225512
22-05-2020,Central,67.85033531,58.5135855,42.48893969,21.83680175,0.483086191,44.27134885,21.94134982,78.0267754
23-05-2020,Central,103.6926772,50.95769016,36.08843628,28.01422124,1.09337851,29.96598323,26.13876961,46.47534518
24-05-2020,East,105.1976559,66.48394426,35.70962752,18.23703451,0.841464701,50.71511774,29.23818908,37.69262407
25-05-2020,East,115.6364574,67.05066281,22.95214094,23.50486161,0.705905876,31.15748904,20.24880639,83.81587374
26-05-2020,North,75.26098578,49.38561158,37.52045793,25.36670088,0.619726689,34.609542,25.46060641,26.4552933
27-05-2020,North,73.59086774,49.31739204,35.20031854,24.07342219,1.048292649,41.19922753,15.94788559,86.00221572
28-05-2020,East,110.4388313,58.34001947,34.84019011,18.44395855,1.45231231,40.2210668,32.66266545,52.09606441
29-05-2020,West,105.9396935,46.55036659,44.16873063,14.54476641,0.877398296,34.08585653,18.20466752,89.48378314
30-05-2020,West,105.009857,72.62975543,46.58631953,8.962262172,1.177081093,28.87087744,22.42590169,57.77162576
31-05-2020,North,106.9289642,54.46189199,42.32194505,18.6857975,0.969320095,34.1130616,31.69189952,73.02417205
01-06-2020,West,86.39950557,16.39517671,49.9541519,25.89043684,0.613185373,23.47052662,23.82738537,20.49497114
02-06-2020,West,104.6450739,54.37766915,45.75561926,14.37917008,1.220443403,31.21706975,19.01301157,54.7666774
03-06-2020,Central,105.8614495,44.42184269,37.0494381,23.50104924,0.671592387,21.12553974,28.56536616,71.62174301
04-06-2020,Central,85.71297164,35.53086277,35.37143714,15.24923735,1.006487989,15.75294688,28.45266231,74.7978914
05-06-2020,North,137.3154902,41.43860043,43.12822237,20.53036288,0.897543875,30.40341411,21.8340683,31.06340078
06-06-2020,East,109.4766584,61.64112708,45.7376711,23.53895807,1.26792323,40.09822313,22.3753674,49.32796653
07-06-2020,West,76.17393006,79.92961242,53.97844307,16.70252282,0.682554702,37.40643713,22.82295515,49.33503707
08-06-2020,South,113.1310722,64.69776711,51.91173045,20.8524234,1.117260972,29.34470163,23.9648802,27.25485659
09-06-2020,Central,80.5063666,50.90244918,34.58526993,17.92454332,0.748060778,43.97591759,15.53514462,51.01318554
10-06-2020,West,115.7416921,66.83856293,38.9799372,23.52574329,0.846668436,25.44750887,24.09288069,76.49650711
11-06-2020,West,123.1719116,53.11364535,46.71017805,21.17658584,0,14.65733871,33.91957099,41.01265163
12-06-2020,East,83.58635363,49.58099446,50.67997778,20.28253837,1.627629571,12.54318965,20.52015016,50.28021653
13-06-2020,East,119.2675226,42.68455998,49.38969469,27.7917498,1.16516708,20.55047248,22.08253203,87.26710795
14-06-2020,North,108.2556185,33.7225679,39.36122167,23.31153071,0.769795754,36.53299795,19.08191168,22.21956531
15-06-2020,East,116.4412032,54.1511444,27.45977348,16.54824067,0.662603294,24.92157853,28.06080963,61.40652375
16-06-2020,North,137.9358597,62.37080235,30.01063624,19.5706805,0.851305374,33.68766913,31.01598679,72.04052642
17-06-2020,East,95.09223768,58.55064495,42.72633514,19.62050607,1.21506386,43.17026707,30.9015892,73.26177038
18-06-2020,Central,84.92527671,53.76049608,43.42225579,20.40159786,0.432374522,21.1992243,18.75994706,70.11566174
19-06-2020,Central,82.20971141,45.81380909,29.01320627,32.62254638,0.957524674,33.82799785,27.49895865,70.85160104
20-06-2020,West,83.6837943,69.12369288,40.44569611,21.85425946,1.531192562,34.31170458,32.16875017,24.1308866
21-06-2020,South,98.45796581,40.2430212,46.31224357,9.820487149,0.659816099,23.11409609,27.54831554,57.38956334
22-06-2020,East,106.8230395,71.64041871,28.48773342,17.28600514,1.024115512,40.8336874,27.39204842,74.80783502
23-06-2020,North,105.533816,44.96674472,51.04997202,10.33813956,1.660992945,27.69834356,22.64178711,26.58455343
24-06-2020,South,116.543665,48.71347144,36.22468851,18.35100871,1.189645489,26.92997615,26.10054912,20.84349457
25-06-2020,East,100.2600378,37.99822214,52.57613113,10.06344885,1.037777146,46.89290575,31.1815909,77.01932821
26-06-2020,West,129.0706815,52.4789678,34.66547554,15.64204764,1.151990936,34.18213394,26.64104484,69.86060713
27-06-2020,West,94.70686334,74.62968688,29.73374517,12.39639235,0.879740399,37.4023244,18.75862622,48.85444918
28-06-2020,Central,154.4033833,67.73442133,35.4186301,21.92080089,1.389889386,40.83914345,22.71979163,85.82775028
29-06-2020,East,112.513347,74.67633168,39.04851877,20.00269681,0.880200993,24.796208,31.04639769,73.66186663
30-06-2020,West,82.85684887,67.83213819,36.11520093,21.51481154,0.412245517,39.99856878,26.6237166,87.75026591
01-07-2020,North,78.58215004,43.44495257,37.83998578,19.47724306,0.882609069,25.98484708,25.59531039,85.05206817
02-07-2020,West,109.6494483,55.03816164,43.3396515,13.02851125,0.709979641,25.64301289,22.22992233,53.69055221
03-07-2020,Central,95.53074429,48.29701306,38.2882063,22.56760685,0.915641796,27.82400022,30.9429959,72.82962851
04-07-2020,Central,114.2800099,79.95862356,39.33887606,29.6111228,0.922274782,25.02348132,33.31206299,66.84339722
05-07-2020,West,109.4647525,42.0481703,22.90773601,22.04606289,1.35922696,36.57725146,31.31594562,76.80116471
06-07-2020,Central,98.54342175,73.40546534,43.91698016,17.870377,1.208587818,32.13768524,32.21295811,75.13818816
07-07-2020,North,83.06412564,73.39430805,39.10796702,12.85966412,1.078979646,26.07020468,23.2064688,30.7262379
08-07-2020,West,69.70305551,87.44430303,56.1029298,15.45966515,0.999116377,35.39604027,22.49915451,36.36148723
09-07-2020,South,91.06970096,53.85470111,30.60434833,22.26519828,0.682342597,27.7985405,24.21827413,38.6012104
10-07-2020,South,117.1279759,70.68483239,21.91704672,25.36559013,0.345647429,27.37543704,25.19286621,77.29489915
11-07-2020,South,104.2818749,94.22477755,46.18068494,21.30433087,1.033948003,30.38947108,32.1550989,76.75191928
12-07-2020,South,75.08522443,50.73537485,43.46527018,23.99943645,1.238392361,33.70768285,30.8294337,54.67347429
13-07-2020,West,103.4636185,36.97439629,29.91566979,23.53839122,0.967499835,33.1187812,27.69234694,60.65825815
14-07-2020,West,107.7063476,31.79984949,24.70251045,22.53267196,0.839543703,27.09400654,17.84406617,77.88455071
15-07-2020,East,82.32285128,70.69068043,55.37396731,16.70763202,1.13935065,36.77688966,16.55989078,41.88155205
16-07-2020,South,103.0745021,31.75274688,54.14110391,20.86961756,0.97500034,28.22084679,26.20231372,23.51251438
17-07-2020,Central,101.1641744,54.41521421,15.12543241,15.75811098,1.505723258,24.76012409,29.40131603,53.78175068
18-07-2020,West,77.14059404,66.55969781,35.41776971,20.08714476,1.369818503,18.25582681,24.60216476,83.96020007
19-07-2020,North,107.1557472,62.77763305,56.64192055,21.65431766,1.287852417,37.86542785,34.57452252,75.33277827
20-07-2020,East,111.2156905,66.38167296,35.23937442,28.39391904,1.227320234,30.09912061,19.58779478,45.66321122
21-07-2020,South,121.6610249,63.33434784,35.09387766,13.45134013,0.612949776,31.68697887,18.95824025,24.53399523
22-07-2020,Central,121.076041,79.1829872,37.17240672,22.40753815,1.198898111,38.36642333,21.67859513,64.58436538
23-07-2020,Central,72.44661264,45.71525429,28.79103026,27.40618296,1.112897787,26.18075015,21.48851393,78.41435571
24-07-2020,South,81.2434992,49.84507292,22.95224256,23.79423883,1.181927419,19.00480601,27.63142934,66.54639965
25-07-2020,East,110.3007053,48.41010832,50.52547311,24.16472721,1.147782846,30.55824562,22.89144074,49.75522653
26-07-2020,Central,110.275719,72.45287718,21.57063094,22.93847451,1.135828776,32.46369242,17.26079769,28.63475292
27-07-2020,West,110.3009537,73.50597883,42.47271452,26.49167245,1.810259941,27.89720747,29.45789228,83.75419709
28-07-2020,West,177.0546298,66.76837979,48.86579493,14.56260916,0.977144299,41.78990062,16.20024037,39.3170828
29-07-2020,North,111.4178102,77.752405,25.48773701,13.07036667,1.280901214,10.11066746,19.64390888,35.70009255
30-07-2020,West,122.7113128,42.32938699,30.75731597,19.9683293,0.858703057,38.9604531,16.88646715,77.11836659
31-07-2020,Central,119.0800353,85.00836167,52.13179188,9.194189482,1.237192475,36.3292292,26.03560639,88.68539571
01-08-2020,Central,113.027825,82.84857933,45.3289172,26.15322902,1.281795967,33.65416622,25.93023856,66.21121811
02-08-2020,South,93.69461511,71.03432996,33.82714293,26.10357598,1.109327823,3.312787604,34.58227161,63.73673423
03-08-2020,West,115.1793844,86.72698363,52.02249003,17.83324722,1.500774083,40.27111027,29.56913328,42.36016085
04-08-2020,East,84.54349571,35.15065188,52.06535723,18.14614702,0.734717189,21.78852711,32.20823092,21.42894155
05-08-2020,North,95.26362787,52.13327796,42.69052693,19.63826262,0.853833717,25.93846417,26.44304826,33.42585061
06-08-2020,South,90.29272904,48.97044809,30.99839772,20.26010325,1.063714026,28.63525868,20.11534089,60.91013056
07-08-2020,East,101.6374828,70.82218986,35.86551297,20.6358696,1.264242056,33.25934428,25.64053801,30.59215233
08-08-2020,Central,146.2931713,44.24788891,42.86386744,22.79116053,1.053828856,35.11542434,27.96210504,81.86850649
09-08-2020,Central,62.65469615,71.36242724,38.11405171,19.13686823,1.385727711,37.14272443,28.51903691,33.17012815
10-08-2020,East,113.7252038,80.55804216,49.38957178,24.71596652,0.801493039,36.52682808,22.63793928,56.54731171
11-08-2020,North,67.74568258,70.4280435,24.7022592,22.22973889,0.657826453,32.02341763,27.44393237,55.8409272
12-08-2020,Central,90.56136268,64.25626535,25.05736471,16.96518277,1.092438501,33.32738127,20.33486015,62.27619411
13-08-2020,West,121.7790119,45.18189989,41.80871111,26.67556334,0.976845917,21.27397027,19.78361203,42.92038488
14-08-2020,East,101.2856004,47.29723551,35.08455586,13.20871507,1.162859116,23.99178555,19.42107644,81.14739407
15-08-2020,West,78.44510444,78.74428358,33.72951385,19.53917095,0.991779313,37.16368179,25.12312994,51.10110752
16-08-2020,West,85.69392581,71.69023506,22.31943281,24.83458701,0.897994063,36.69767589,19.11081822,69.01075051
17-08-2020,West,113.591955,59.41470721,40.19545845,16.38463448,0.977518728,35.79039533,22.87627805,64.51376027
18-08-2020,South,85.39266737,53.73135681,39.47244892,21.54777823,1.008654668,25.88466591,29.51458276,28.20092582
19-08-2020,East,104.3291718,29.6128819,46.53478982,22.71669798,0.90850561,37.28393706,19.85435161,63.58475469
20-08-2020,North,100.9114368,43.93721372,40.68906133,15.69738066,0.939060386,20.71004438,22.47843983,58.54918746
21-08-2020,Central,86.96799305,88.67128631,38.67395922,19.6376114,0.878921999,38.61887848,25.35815638,82.90228443
22-08-2020,West,142.8788818,40.79316643,51.77000637,19.21748085,1.256999536,27.91303359,26.23443451,81.66136455
23-08-2020,Central,112.6783804,62.84219732,26.87532697,17.24131074,1.058206301,43.47336325,22.50354705,30.56683512
24-08-2020,Central,59.49714827,75.1116596,45.36389219,31.50837426,1.677025742,17.82846326,28.93430034,25.71796019
25-08-2020,East,103.7290863,41.17615998,23.28852835,16.18446823,1.048211365,44.10723237,27.9522615,40.62145534
26-08-2020,North,86.7642707,62.77065712,31.6163812,25.02465147,0.834742759,27.10828537,30.69928302,89.06289997
27-08-2020,Central,117.0486667,74.06873306,27.87342867,18.03599492,1.801202612,26.96416595,24.59199038,21.51016435
28-08-2020,East,84.14958523,60.18748983,47.81942535,14.56681906,1.124087913,31.55871055,22.43590595,67.10245677
29-08-2020,East,97.70527117,103.0260458,39.34589766,20.51407122,1.297037436,24.4233687,21.58683989,62.59596137
30-08-2020,North,110.0997456,34.97101112,39.86496755,23.24546692,1.177630895,29.42136799,26.53513759,65.26047963
31-08-2020,South,117.3151039,75.88092795,28.93267012,24.60254788,1.186903309,24.09898988,23.11422109,35.28001228
01-09-2020,North,75.99407186,57.40797394,37.00306504,27.81132555,1.160696215,24.39149175,22.15415111,35.87021421
02-09-2020,West,93.30997528,71.57880232,32.36534697,34.72623145,0.669374631,33.8950876,22.75856368,50.14494575
03-09-2020,North,90.50109378,66.61960728,43.83455015,21.25257102,1.110258714,22.78747604,21.58154757,26.71004649
04-09-2020,South,86.93341535,49.00265704,30.08908865,16.68453913,0.602541609,23.85444612,25.99510556,25.22292463
05-09-2020,North,135.3090848,63.43494589,53.29794365,22.26437163,0.947691149,19.01767,17.93708409,26.18516174
06-09-2020,East,108.0996342,32.13147823,23.2441955,18.66893525,0.782314763,25.96855456,26.51508146,60.10854199
07-09-2020,North,74.78232091,69.04871251,31.93480168,24.62983065,1.107241056,40.49281624,28.3827438,47.84192998
08-09-2020,South,118.3572389,64.47237699,56.7720051,13.51417852,1.100237874,23.23253088,22.09560431,40.55317465
09-09-2020,South,142.4431239,69.57990253,35.64861252,31.84167271,1.144343767,24.14693388,34.6101847,42.10735658
10-09-2020,Central,120.6493052,75.87177488,26.85121336,24.28024047,1.086188972,31.55137557,25.08810655,34.50983141
11-09-2020,West,69.61260068,65.5142976,42.19071563,11.57997991,0.817952397,27.03362853,17.19328508,48.80537347
12-09-2020,North,90.31531854,62.2213413,35.24607758,16.45485549,0.921698953,47.82523547,23.59378547,34.21406484
13-09-2020,West,125.338223,46.78397495,31.64129744,24.08040522,1.276118848,28.69977628,25.31328072,68.86322296
14-09-2020,West,85.84661069,49.31668855,29.04129189,25.88172028,1.320357003,32.68174677,27.24483778,28.67527589
15-09-2020,Central,108.8763886,77.8010193,67.68373606,13.63881186,0.65596507,37.55015028,23.71284738,86.37694592
16-09-2020,South,115.4926811,81.54503109,37.484481,23.56512925,0.54072171,37.39662293,19.94214862,26.28732581
17-09-2020,North,81.46139057,56.42834346,20.7443264,10.26330064,0.781933185,31.86630065,19.52509691,86.04225
18-09-2020,East,98.80949288,60.69004121,54.93709759,19.55332067,1.313562275,28.71098011,21.73200357,78.33064801
19-09-2020,Central,35.1746532,46.43078438,46.11070905,25.56023421,1.364465209,46.19222829,22.21112319,67.64984844
20-09-2020,East,79.51224717,77.59135268,32.33533569,17.24242135,0.722586436,29.2019178,19.32512918,83.86111589
21-09-2020,North,94.94863697,69.98125236,30.66880911,12.4653885,1.092192806,26.46647916,21.33593419,29.74531555
22-09-2020,South,75.04433636,89.11826155,46.73472796,20.73107398,1.5503294,24.83320809,28.29729262,32.34203419
23-09-2020,Central,132.6482261,46.82515384,37.53081673,16.97640567,1.124593443,16.18557438,33.24206304,37.65068144
24-09-2020,North,71.39717244,54.32988151,20.74022182,23.14779183,1.426450986,36.57292602,28.77730857,37.13680687
25-09-2020,Central,91.19911027,63.47168884,57.87239965,15.57336784,1.299617971,11.21545282,31.52930543,41.75937896
26-09-2020,North,102.6148115,69.69734307,35.66009538,16.13681555,0.726940388,29.95421727,29.87059234,60.29416288
27-09-2020,Central,128.8254658,56.76498544,54.95571736,9.894988396,0.943005573,28.36111493,29.16565164,21.97208279
28-09-2020,West,71.28275698,46.90558364,52.78434958,20.84972356,1.010426343,47.91972154,23.31101868,46.75908165
29-09-2020,South,123.263275,73.22111293,29.98990456,19.19547531,1.031240016,15.34679017,25.70455439,37.24695895
30-09-2020,South,100.2046612,70.81703044,50.33189864,14.05807665,1.274898686,22.7911737,22.89690329,62.46408936
01-10-2020,Central,80.36982698,46.25588849,33.4855745,20.96899357,1.122605429,28.91122833,23.90446419,88.96185317
02-10-2020,North,109.2420695,80.33164202,21.33299413,25.1353515,0.119139717,28.4197653,25.3408355,56.23582285
03-10-2020,South,103.9811939,77.55298064,35.75401834,18.92216028,0.606147918,25.60364327,28.56783076,49.79796674
04-10-2020,South,87.99566246,62.01444746,43.97637502,21.34083475,0.343785726,29.35209672,27.11661691,45.77704816
05-10-2020,West,101.3960417,61.19396794,35.37263352,21.36655625,1.052609572,19.92349817,24.19085368,74.94644532
06-10-2020,Central,92.29372806,68.31086657,36.92951659,13.97835086,1.072146295,32.85754303,25.2776937,25.03866522
07-10-2020,South,102.2703469,47.07445395,51.43566045,30.2829291,1.084967488,11.42811726,27.16731837,87.18393601
08-10-2020,Central,113.2426135,60.45047219,41.0649398,17.64575085,0.71232152,29.79384515,28.33697219,49.25425202
09-10-2020,South,131.7203363,27.71424683,31.56701689,23.28058101,1.202243202,25.19714645,17.40502418,41.95905081
10-10-2020,West,75.24369002,73.14683468,47.02030324,23.84607639,1.214878749,38.13030354,19.61305518,88.18476815
11-10-2020,East,142.6606675,36.57760166,41.97675567,19.30202436,0.62345528,44.04248857,30.53655267,85.51152043
12-10-2020,East,60.95824401,82.55129743,14.78395199,23.03397513,0.56018854,27.35158265,24.69565215,64.93538978
13-10-2020,West,96.9642981,55.04819859,44.28352914,21.22909611,0.999960494,41.12580743,22.87961703,21.29551624
14-10-2020,Central,111.7663441,56.82499527,43.91828708,12.91180121,1.537534682,27.47106975,23.68250264,72.39744833
15-10-2020,Central,105.6198374,50.58399141,40.2012113,18.33863649,1.509922823,22.27098781,23.68147347,43.489018
16-10-2020,North,87.5460096,55.67941689,48.91700581,16.93724549,1.169021308,43.96722906,27.78968891,47.17961616
17-10-2020,Central,95.83755499,81.27797018,33.27606416,17.69127479,0.781000999,34.16621156,19.45991803,31.11194903
18-10-2020,West,90.13998131,22.68287015,43.36499789,13.47998411,1.266052798,30.03550818,25.12388873,56.64206587
19-10-2020,North,88.21270486,79.15448079,24.33040629,25.63216858,0.864272721,35.4974198,26.23058865,72.11868173
20-10-2020,Central,116.9920419,65.07035222,44.07090383,28.00996327,0.769747889,32.19372028,26.98133958,39.11077827
21-10-2020,South,107.1403097,41.89467528,59.53059696,24.89001488,0.356809951,29.44624474,26.11431998,85.71130356
22-10-2020,Central,86.14180809,43.8703141,30.05143648,26.35264612,1.03071466,19.38852138,27.57953115,33.63157992
23-10-2020,East,117.9919975,85.14589541,32.40197868,18.27682581,0.811039795,27.8357061,22.13651924,24.63836384
24-10-2020,West,106.1459904,45.8173968,32.89984557,16.81871583,1.028929114,34.98604339,20.29098634,65.10547113
25-10-2020,South,116.2572424,42.69974234,41.29998226,16.10706477,0.310192691,29.01782859,37.28502222,79.45231123
26-10-2020,Central,112.5925768,77.05971814,29.36963727,23.22032461,1.050948002,37.21860609,23.49367658,86.71930015
27-10-2020,South,83.42009978,65.07829314,44.21247379,21.13531527,0.270663651,33.06924019,24.07772765,73.70197074
28-10-2020,Central,88.7963792,45.93111635,48.46839945,19.61389144,1.326382076,22.97490946,28.38920049,33.97550081
29-10-2020,Central,114.9458721,63.24937463,45.34347213,26.47574272,1.15656737,19.44662434,32.98044646,88.43628294
30-10-2020,North,112.2074053,44.61370975,22.31584574,22.02470677,0.916400569,28.742572,22.27735942,84.36051132
31-10-2020,North,99.58196812,76.51232098,49.95167665,15.80671181,1.168815958,25.80617242,20.00592366,31.42171959
01-11-2020,Central,102.3465477,75.92056447,49.37367414,16.59545585,0.706577721,32.69057448,18.78923325,59.11500788
02-11-2020,East,125.5532979,67.98009298,48.30161372,23.4099665,1.021712655,24.25489873,32.96553111,58.88621982
03-11-2020,North,88.16857222,65.42491592,43.72842249,25.20866426,1.238432212,25.07686139,19.80946507,50.97743447
04-11-2020,Central,110.9419476,86.41782187,42.20189314,22.75840116,0.071713225,38.42455774,24.86222032,88.89969312
05-11-2020,Central,95.95614695,59.99529491,50.32389398,29.48444374,0.865832692,31.18562375,20.11357584,24.1735566
06-11-2020,East,95.64637594,42.27188812,59.23513488,28.17503583,0.993206761,24.37818348,17.75822041,63.90462359
07-11-2020,South,121.975537,66.74210869,30.46959537,22.20517917,0.941111915,30.14113447,23.53812323,34.37125359
08-11-2020,South,116.508327,91.29070574,50.78125396,15.8070967,1.437130548,41.03128994,20.31106667,56.91318433
09-11-2020,East,116.2701927,44.7786076,39.13782902,13.45006244,0.662829663,32.35029351,21.54185787,74.58185403
10-11-2020,South,126.1095761,54.5780585,38.70326948,18.06309127,0.813652227,34.74360648,35.03052549,37.27087622
11-11-2020,South,100.4200768,66.24669057,24.6346931,23.76606723,0.425239292,23.98212371,27.12448052,47.53516825
12-11-2020,East,113.6390594,59.19142726,37.1521059,29.1332354,1.453085995,38.21135502,29.6573476,86.5537652
13-11-2020,Central,93.79466487,45.26544629,30.02735042,22.08723517,0.926112957,48.54481808,29.12329781,73.30365164
14-11-2020,East,106.483327,76.82786784,35.3614557,25.84361397,0.868477334,23.66825886,24.49569538,60.09062292
15-11-2020,Central,97.39713891,94.80061083,29.01813616,18.77346257,0.984255195,20.54484821,22.8014082,35.53981715
16-11-2020,South,101.9399193,62.94197189,35.51091613,23.11384563,1.190870749,31.40433795,26.24467306,49.77138062
17-11-2020,North,111.9031405,46.43897565,35.93889643,24.11678415,1.104209021,37.0040404,25.84225385,74.18429233
18-11-2020,West,83.63558634,36.76559212,40.96754918,10.10202862,1.794365264,29.26888262,22.15597291,77.43801547
19-11-2020,East,141.8477455,63.86963972,23.85250138,17.93280599,1.136180767,21.57434883,25.64923915,37.12243387
20-11-2020,North,79.87965237,76.55816015,25.54481852,24.74850192,0.860426371,29.13132671,21.46835147,66.34421473
21-11-2020,East,75.71622774,67.1275162,43.61914271,21.37234168,0.831592979,34.78473818,24.14271035,26.65020945
22-11-2020,Central,123.1622175,59.96394239,32.02561883,14.01742476,0.882172314,26.74374538,23.32358263,21.62486152
23-11-2020,North,115.8332539,51.16092522,50.7452979,7.849388121,0.549448923,34.85804014,18.65563704,58.40717464
24-11-2020,West,112.4823963,43.61754551,42.25269722,18.17109627,1.011959262,39.31768628,13.24420893,35.7065898
25-11-2020,East,112.5669102,72.52126989,46.0676215,19.64207154,1.235040432,31.92184501,20.30468375,25.52384219
26-11-2020,North,99.75506454,73.70657432,54.1069232,15.58038525,0.81599092,29.77641783,34.02052332,71.0879819
27-11-2020,North,82.05491257,36.8140532,36.90289188,20.71542469,0.757785983,36.6347514,23.45159109,54.85822119
28-11-2020,North,101.5160912,83.84758467,34.25513295,22.53193374,1.454783544,23.15119338,28.8798408,75.73939077
29-11-2020,West,86.45676577,68.61106831,48.71702586,23.35343585,0.572055053,22.36232133,14.37777428,66.47609678
30-11-2020,East,119.5023947,80.99391968,45.09513564,8.220405375,0.379654487,27.86742172,19.95856966,71.08634579
01-12-2020,East,97.05885237,39.86808377,38.1266969,13.42857451,0.654129417,26.06496436,18.22755191,41.51524069
02-12-2020,South,83.49005606,39.51263767,53.91457967,18.47688676,0.537870185,23.5732642,23.98849995,38.4293078
03-12-2020,South,93.57228317,57.76546035,37.8775569,22.86086566,1.115867819,44.6437478,37.1097774,62.06124245
04-12-2020,West,108.2586291,67.5417664,40.32773638,22.44617007,0.89178865,47.37594568,27.30119472,34.00574983
05-12-2020,South,88.72550894,86.94541234,40.21222651,22.35934974,0.934093886,27.17035966,33.47806267,77.07884809
06-12-2020,North,83.55559209,70.59118371,30.65406105,18.08291029,1.345880253,30.7337516,23.72781636,56.60441183
07-12-2020,South,104.8737442,56.35978085,40.77585389,18.36183281,0.792599542,28.49725744,31.82434687,35.88929526
08-12-2020,West,104.8993314,44.60446189,53.96760177,16.35835366,1.232526824,38.85999392,35.36628353,63.76177626
09-12-2020,North,89.86113649,78.45000859,44.44968315,23.84097064,1.45339684,40.44516449,24.45315467,86.15250146
10-12-2020,North,90.57923389,45.52941861,40.31063426,15.39755606,0.863301251,15.78188961,22.30367644,25.74663086
11-12-2020,West,104.6409987,84.42702832,38.38232719,24.25018198,1.221106857,33.8080864,18.41094532,27.65416451
12-12-2020,East,71.03831317,55.73423026,43.30867028,21.03926619,0.927454626,19.54542927,23.45469871,79.06874028
13-12-2020,East,71.85072451,83.85873109,47.49766628,19.77477761,1.277229439,44.06617726,25.40948338,27.67156422
14-12-2020,West,85.63111557,70.18396935,46.09238831,16.716448,0.528553244,33.52198424,35.15476809,22.75627585
15-12-2020,West,95.73105697,57.94506766,36.68135138,13.22229069,0.506346326,23.41320369,18.52513013,44.35514067
16-12-2020,Central,106.2181513,52.20905442,43.24781594,16.76173622,0.882619686,28.0694289,25.29830947,52.66941194
17-12-2020,North,129.5071243,54.88638184,44.79939741,18.34996566,0.733322557,27.68818193,15.92845939,59.86111057
18-12-2020,South,117.1531925,66.42475039,29.92805012,8.154878442,0.844987267,34.20090354,22.86618586,55.51101628
19-12-2020,North,96.8012294,61.15734744,41.68230541,19.01322422,0.934142025,38.33530083,26.55697679,83.92291939
20-12-2020,West,99.61967584,51.09282888,18.38696114,24.62178684,1.21600406,20.81434166,27.56291576,73.80676703
21-12-2020,East,79.94941271,57.51552885,44.8253371,22.83608953,0.877701826,44.71003601,27.9451154,88.86671791
22-12-2020,Central,99.62973728,61.17865545,46.60343055,17.51897062,0.752841607,42.84552086,26.98702016,53.35187963
23-12-2020,East,94.22682722,28.06898858,47.47546126,20.23468149,0.894545987,22.99741146,27.9021097,25.90307269
24-12-2020,North,106.4543712,66.87252172,36.04953148,17.21917715,0.769256416,30.58241435,25.22869565,86.88714501
25-12-2020,North,83.45538113,45.30418163,43.09046835,20.74380367,0.719798349,43.68646835,19.76066847,20.28792131
26-12-2020,North,110.3869303,42.70001395,54.23953846,27.70053912,0.516094956,39.86334869,15.74171518,74.32672097
27-12-2020,South,130.6547783,34.68983479,54.13769648,24.84249401,1.020843435,27.30605576,22.26656089,22.18974215
28-12-2020,Central,97.82479703,33.09161253,39.70827301,22.60397153,0.829388288,36.51471852,24.32692283,73.28499335
29-12-2020,South,108.0342344,39.66828745,41.39319631,17.53557544,1.289883622,53.97758633,31.26965899,85.65572579
30-12-2020,Central,113.8028798,49.36468564,51.10911145,23.74969196,0.565781172,30.84127985,24.49699162,47.24822081
31-12-2020,South,91.97559056,89.29888706,24.99197985,11.56561524,0.837374933,24.93881399,24.01715483,36.86753959
01-01-2021,East,104.4818496,52.11180486,36.76924257,18.73823259,1.543872166,31.37935882,26.92763563,35.83954068
02-01-2021,South,100.251848,62.66625159,53.35570456,22.9185571,0.718117145,31.97241676,23.64994006,54.42023509
03-01-2021,Central,101.953522,66.0072208,49.75200542,23.70210607,0.929040024,25.80370609,29.05270999,31.9620925
04-01-2021,North,84.53980432,61.96597779,43.69263778,23.34942245,0.635246805,33.53300054,34.89666809,67.10465415
05-01-2021,East,100.4902035,58.83834809,24.94167595,21.47415345,0.595471746,19.96479152,35.95392757,45.78466502
06-01-2021,Central,109.9599658,42.07059355,39.50089767,19.0213751,1.464193295,24.67572906,25.48520314,42.61766447
07-01-2021,South,129.0228722,81.76391322,34.10084604,22.68987985,1.051311848,36.06595821,26.68446182,52.28999034
08-01-2021,North,119.1854165,87.10794965,43.31038903,15.2356948,1.040103651,15.96103319,32.8942806,57.98112517
09-01-2021,North,143.0636492,34.76011959,31.90653315,15.77661368,0.491105129,37.22534074,24.25018989,29.93511836
10-01-2021,South,84.65304874,44.63957114,29.74276605,20.30867338,1.107622416,13.90414907,28.39596071,69.54343547
11-01-2021,South,117.4464127,55.80284486,19.35134722,20.86598821,1.347226584,16.14940337,19.32419935,81.80629699
12-01-2021,East,103.6668401,45.53193308,52.21804685,10.87192411,1.344843118,26.00817006,23.44580426,39.45908413
13-01-2021,South,143.7960587,67.5894833,36.00229489,22.2757319,1.200499969,32.29491074,30.78057308,32.62736313
14-01-2021,Central,83.83403429,49.07591696,41.57145784,23.86364189,0.661154327,40.60210883,21.40902183,73.23537966
15-01-2021,Central,83.20556316,92.47584102,39.97761884,19.61357381,1.093937025,30.46098211,24.35974411,32.84792066
16-01-2021,West,88.01214709,77.85822892,29.32566067,31.87233142,1.200275488,28.02757114,17.12895177,22.88786123
17-01-2021,North,57.52208551,63.18861046,27.40935089,16.58532447,0.461666924,34.63664998,35.02884147,63.34702543
18-01-2021,Central,89.48489957,75.40479395,29.94684874,18.19456418,0.663616123,23.03280944,31.31514035,36.78259914
19-01-2021,Central,84.81734677,76.58850637,32.76831561,18.02466547,1.266447197,31.11532127,25.94049783,32.02672862
20-01-2021,East,103.0078757,51.54078768,43.66606247,19.61906194,1.262813733,20.40442994,27.53756436,88.71219192
21-01-2021,Central,106.8351195,47.75674133,32.04282336,18.35637594,0.53542509,30.66072414,26.97949053,40.43054884
22-01-2021,South,137.5234168,61.17214594,57.46490632,12.96594728,1.238506438,28.96130939,31.92155877,83.24103032
23-01-2021,North,119.0084768,72.92454187,50.27151036,17.26725852,1.02859102,23.56585663,22.40599979,32.47531361
24-01-2021,East,88.46192689,62.08590598,48.0835955,19.51189652,1.234302686,31.32032509,28.6613381,77.32839924
25-01-2021,West,82.03170657,36.34505277,38.80341098,26.14286041,0.809643603,31.26839723,30.38708249,55.14132111
26-01-2021,West,109.8383834,47.95763334,55.14280736,31.01121637,1.193555049,39.4036321,31.07662985,25.50163384
27-01-2021,Central,73.59533586,58.89040705,37.81994369,26.67736949,1.253148632,17.15493278,13.70314558,71.35237056
28-01-2021,North,136.6291753,58.86501594,39.68738586,16.12310485,0.894599519,29.39160874,22.00362761,82.44513602
29-01-2021,West,123.5888024,89.58813265,41.6997454,16.52095195,1.005325764,23.9179008,19.90414689,31.41118932
30-01-2021,South,90.61648696,39.21018086,47.01823041,19.20335711,0.805443511,36.95809647,25.74794143,70.79131696
31-01-2021,North,65.73730942,67.58383863,46.36908079,28.92279444,1.495491685,36.03129652,14.9198489,51.15367634
01-02-2021,West,127.0774475,82.33669662,35.24874722,19.17287974,0.963918418,34.06303876,14.77188555,72.77093173
02-02-2021,Central,97.70920309,94.07174618,34.67006281,13.36246255,0.723392702,24.36933394,35.85047496,69.97495637
03-02-2021,South,124.7563262,53.93403865,46.39902957,17.49411432,0.785252226,37.08376466,28.08844694,21.86201613
04-02-2021,East,68.11144682,67.37144179,47.15236584,23.78528001,1.03803118,17.75895257,25.60504622,32.51047252
05-02-2021,West,88.01249954,68.54640536,36.06648875,23.44970138,1.225999352,16.11751437,26.81836324,52.97190701
06-02-2021,East,100.104874,62.93222597,24.1281193,18.99891667,0.599251946,19.793032,25.73170462,85.35159203
07-02-2021,North,100.9396119,58.51732198,37.92683904,23.41707337,1.554298001,29.73220152,29.98675328,43.94514197
08-02-2021,North,90.99869057,66.53963084,46.23525799,8.634138987,1.092602588,35.40131521,21.83777904,64.02114292
09-02-2021,North,112.4569986,22.01630872,58.05416846,20.51914618,1.139936792,6.191740208,25.93307413,20.84586219
10-02-2021,Central,78.64759141,70.23104235,28.02042038,24.30342711,0.970843137,40.58194266,26.13710634,69.77888451
11-02-2021,South,97.1524103,61.89266855,35.73428747,15.83568362,1.00577769,31.04889757,19.76571021,62.21477839
12-02-2021,East,102.4059126,56.66287655,36.10596438,15.81830732,0.955515059,17.45782122,31.3849153,70.07763226
13-02-2021,South,110.2887767,90.70293294,53.55805339,10.66775924,1.305338791,30.80757576,22.7716163,83.32624291
14-02-2021,North,114.2322976,49.87598972,39.650585,27.94947797,0.997621424,38.74020332,30.08710835,30.25492532
15-02-2021,East,77.50715816,53.95386016,30.92673441,16.39923011,1.230115066,34.79552812,25.57456363,38.31127172
16-02-2021,East,69.31771659,89.87329953,45.58695283,21.20521639,0.869845743,38.7925845,33.16792416,89.70466245
17-02-2021,East,125.5535364,47.51908043,35.9536148,23.01958521,1.058692158,19.07002696,19.79310456,30.9398771
18-02-2021,North,106.6462802,51.74827076,27.75612727,27.56033975,0.758823897,26.68795812,19.57620599,70.44389046
19-02-2021,East,85.03026927,57.79461865,31.07226693,19.23051113,1.36495847,22.60246216,20.47152204,70.75531374
20-02-2021,North,131.0230395,72.61101723,57.34041954,17.30285103,0.749875828,43.74064164,25.66647775,67.80956224
21-02-2021,East,102.3134927,63.11703761,43.84209222,20.86533824,0.902506167,35.11490275,32.70734198,35.92084125
22-02-2021,North,123.5859437,40.61061979,41.07760055,26.42040138,0.905511876,52.77607671,32.96546809,35.05938442
23-02-2021,South,101.3503696,52.01747155,37.50106264,19.14913734,0.893814584,26.25912373,13.450157,66.64387476
24-02-2021,North,141.2149585,50.8896835,42.92148842,15.22565459,1.216748731,24.20260631,26.24853581,33.03751291
25-02-2021,West,135.1068168,58.84168432,42.80235946,12.29621096,0.905002671,28.85738689,8.935231947,66.30943322
26-02-2021,West,95.02071703,66.38765488,42.92168828,13.89351308,1.418177359,41.02685777,28.97515897,54.47697974
27-02-2021,West,119.431419,66.27308634,41.1484509,24.32195749,0.754457474,27.07104248,30.59084707,47.06402074
28-02-2021,South,112.907519,33.35982369,48.68798338,18.39687762,1.050813241,30.99550078,24.79877863,41.01626446
01-03-2021,East,127.3726312,75.95911481,40.23104346,16.96239545,0.767264203,30.77352562,25.41990789,86.33038533
02-03-2021,East,80.70153079,63.78853269,30.22061164,16.42016388,1.126291835,30.31597409,25.36819446,55.56655604
03-03-2021,North,113.7210292,80.76798071,33.87577109,20.4252293,0.995215082,24.78081232,21.07779041,59.28763738
04-03-2021,East,121.1684897,66.66297491,20.20981307,18.80272453,0.953481387,28.90167146,27.15852893,86.44792593
05-03-2021,North,64.82521027,76.51984437,60.26817116,18.63433928,1.35654249,28.55917919,23.84295999,65.77141227
06-03-2021,West,76.33482975,66.99817967,48.62754592,26.74661964,0.803697439,29.93948272,29.65145855,87.04970494
07-03-2021,North,59.21535644,80.19338634,31.69929505,27.69008141,1.175954547,37.54813455,24.43186533,27.44567184
08-03-2021,West,94.61186331,67.83375954,37.18155151,11.94989164,0.769312026,44.08502428,20.69488447,79.26477422
09-03-2021,North,114.3508451,58.5312713,33.63123526,21.63796366,1.03380556,23.2765219,17.32067665,43.47902396
10-03-2021,South,130.047141,94.08652081,55.42547211,16.11568951,0.641327402,26.864051,15.67967587,76.73412675
11-03-2021,West,101.4818956,73.33555683,25.80122836,18.75874443,0.801244856,23.39990481,31.56254672,79.89456369
12-03-2021,East,132.5723109,68.60616632,41.14476059,21.54639193,0.975357086,31.4968123,22.71105324,39.00415203
13-03-2021,South,72.39797084,40.85543375,38.91472157,18.93640042,1.54439475,25.69320434,26.69287095,48.61814316
14-03-2021,Central,65.93235121,40.67538574,48.26838631,21.1522994,1.030241161,31.91837467,33.91614946,70.8210048
15-03-2021,East,98.88904602,64.39073223,38.95990772,23.36485103,1.496400495,38.82901528,22.18597834,26.93389416
16-03-2021,North,107.681309,62.18281797,22.41791123,21.472884,1.066096988,9.793346514,21.86261258,72.8873474
17-03-2021,South,99.34610504,50.78816152,37.48882165,16.76581848,0.883874727,33.93423912,24.33919124,27.73310482
18-03-2021,Central,58.651158,62.11474049,30.27837782,16.85400197,1.461806957,26.31850361,25.1471635,84.01190126
19-03-2021,Central,98.21759921,83.82940392,40.79579547,12.80147352,1.131105287,33.68337814,34.43775675,39.34375053
20-03-2021,South,73.91060999,70.43103712,54.34177037,15.73039851,0.807183522,22.8282445,32.82910297,60.29195428
21-03-2021,West,113.393451,42.88487235,22.60574756,29.81034181,1.141171438,39.57008791,28.10437708,28.20074501
22-03-2021,South,107.3319649,58.32736759,31.99777265,16.03998213,0.912221575,37.30624494,32.24706884,38.86452083
23-03-2021,South,81.20240427,47.92550279,34.47307046,14.03310594,0.403289741,34.54681719,24.10890494,48.27685304
24-03-2021,North,89.72266165,54.18450125,36.18368905,21.59963931,1.280791948,36.34580574,26.49582284,54.09342137
25-03-2021,South,78.81572956,53.79576502,47.40125664,19.4481762,1.328480217,24.03503626,23.49243178,20.00472484
26-03-2021,North,98.74641805,52.83531626,38.26455582,19.02203382,1.551382609,25.04300996,18.54815809,82.20590337
27-03-2021,Central,119.1028464,41.17296942,44.15802726,27.04522983,1.126643108,36.01948961,31.01937371,20.53723667
28-03-2021,South,80.28547907,58.08517978,33.74226956,22.74563338,0.925382973,23.85816686,27.65849367,74.15791941
29-03-2021,South,110.0809303,51.59088545,42.29924345,17.35003534,1.250496828,41.56508037,25.09036737,52.94052386
30-03-2021,South,89.39484763,16.05826965,47.77797631,17.87762041,1.25494611,27.41127143,24.98766075,56.67160174
31-03-2021,East,84.14254335,90.79458037,32.6770045,17.48706743,1.491484355,34.01515512,17.46892565,34.57858355
01-04-2021,North,97.8593928,76.33154481,47.8135812,24.37369811,0.986611713,46.79399615,20.11262333,62.51578452
02-04-2021,Central,79.29515355,54.35548913,40.52372769,18.45926185,0.950326308,24.35021317,26.68076585,57.60623364
03-04-2021,North,88.92701389,60.28228575,50.4546024,11.03423249,0.785336674,30.55009401,22.35443666,31.49654846
04-04-2021,Central,76.04244215,42.42518479,37.985801,19.75840161,1.161238626,38.43346532,23.91143479,36.66833009
05-04-2021,East,139.2945027,85.43584317,43.81244655,12.31486999,0.5355215,37.61021911,24.47671968,24.68325403
06-04-2021,South,100.705271,88.45933042,39.59393768,30.92115301,1.232826212,27.37747752,21.58765615,24.63985005
07-04-2021,North,86.00548984,62.35040592,39.03787738,15.17166043,1.176350537,25.8661565,20.1604084,20.96430502
08-04-2021,North,104.2795982,75.35295966,42.58930428,19.19067617,1.175521061,28.13491254,16.93821185,35.43320278
09-04-2021,East,97.75343901,62.62930168,45.36807469,21.29101367,1.041467571,41.58286213,24.2674086,67.57628592
10-04-2021,West,95.58060801,39.94911842,27.50435088,18.5567092,1.459893474,27.76715315,28.09304274,42.13507717
11-04-2021,North,112.283334,53.82264947,54.33633609,18.54984799,1.26159804,30.62492554,16.78182929,43.99139889
12-04-2021,North,115.1501542,61.9789195,21.40336959,22.10913643,0.817876843,26.58570823,24.87976087,29.23337753
13-04-2021,Central,89.38997705,53.18178422,33.1518789,27.63107979,0.823246285,35.64438852,26.40571626,60.28294674
14-04-2021,Central,88.48363519,56.72020084,39.05730929,23.83754541,0.736097856,31.2442003,20.05209798,43.95005491
15-04-2021,West,94.49896606,58.62900664,44.12355969,27.39256939,1.165385,21.97252951,32.11070906,67.34217624
16-04-2021,Central,53.96157671,58.78682253,55.76172528,14.76690446,0.699958324,22.24940709,23.07142315,71.90216282
17-04-2021,Central,69.69617876,60.78387736,21.41708512,21.58681317,1.325017643,14.01115547,24.49370156,60.92850127
18-04-2021,West,127.3374853,44.090924,34.92305872,20.77623026,1.396891993,23.34942873,24.1936525,39.32486758
19-04-2021,East,132.8993543,49.24475776,18.73166512,21.75545646,0.736295119,36.35156643,16.14612789,55.60254595
20-04-2021,South,95.01927921,40.73123601,40.31621974,26.88115985,0.94433544,40.5900843,30.04376036,37.63515633
21-04-2021,Central,111.5311393,74.66723325,42.71683585,18.89605425,1.004986294,35.48446691,20.22240616,83.20389847
22-04-2021,West,106.2250031,28.41529587,55.90795742,17.97248317,1.265194948,34.43705761,23.81739742,73.64700251
23-04-2021,South,161.5776162,77.30385515,41.20634761,22.66990399,1.482803013,28.9877916,27.98830501,54.51041342
24-04-2021,East,122.3914982,80.79524096,50.44025129,11.10898636,0.494352282,36.19931644,32.30451713,87.58200002
25-04-2021,Central,97.44164817,55.4672912,45.83837082,18.81573975,0.904545785,32.29022578,19.60033859,58.27288127
26-04-2021,East,80.88919119,20.95294368,35.64751803,19.32901155,0.920194991,44.43559178,22.76758207,42.99748339
27-04-2021,East,67.87107359,54.58034157,25.91039253,15.39820692,0.579799044,29.21243749,31.91209315,26.68271106
28-04-2021,West,104.0692727,59.03723758,42.75002298,25.28529506,0.854466994,40.74406467,27.3185694,58.06219514
29-04-2021,Central,84.87298509,44.8410267,25.07897983,14.68879841,1.128330683,36.99291265,28.3558568,80.22916281
30-04-2021,South,71.55492581,52.27172409,52.95207073,19.32063476,0.916396329,35.88354629,19.74434132,80.67031097
01-05-2021,Central,87.06854232,82.95292798,38.37937898,21.46578613,0.536613649,13.9080694,23.10395235,62.31969467
02-05-2021,Central,78.36903993,69.97390743,51.95177412,26.76725781,1.862224809,37.43351649,24.16082284,47.54068543
03-05-2021,West,133.7428327,46.13153828,35.19785566,19.94721783,1.07985336,28.97993617,20.71052621,65.52074157
04-05-2021,East,117.6327951,36.03601246,42.68850786,24.68076797,1.033508239,26.44858804,16.62715187,73.34982482
05-05-2021,South,99.84054717,55.09474024,42.09348857,23.50297699,0.670622091,18.13669567,22.44750721,48.81373491
06-05-2021,North,129.5988828,56.79814831,39.54955882,20.61728778,1.078211849,29.95530293,31.771441,53.33779185
07-05-2021,West,101.5473662,67.44298781,35.67340487,14.55243296,0.950735865,30.26841277,25.29586733,67.64314152
08-05-2021,West,82.77431597,51.97024931,43.92456018,12.8270957,0.433442976,19.57598463,31.87145457,81.36568243
09-05-2021,Central,130.4624815,67.67249363,30.73836737,20.53252701,0.678923368,18.21375862,25.89510457,75.37072647
10-05-2021,North,110.7782009,89.0273106,27.90564671,17.28651563,1.238477805,33.89295584,21.17646135,21.56739585
11-05-2021,Central,79.25507691,72.23251534,52.42826893,24.59630546,1.583205295,36.97364105,31.38809507,28.70606406
12-05-2021,North,96.19322644,59.27867239,47.27167989,23.72928259,1.110149622,31.52226328,26.0616307,79.69447262
13-05-2021,East,82.48763493,57.25274293,40.65891609,19.07694503,1.330924983,39.2066772,29.80919416,78.36759796
14-05-2021,South,72.34400538,54.64990299,56.65142383,14.21143538,0.953273407,29.30892013,19.65835914,47.21647482
15-05-2021,Central,118.523551,77.70961369,37.32234481,22.55367775,0.974036152,29.5651898,30.19378145,60.89945457
16-05-2021,West,138.1883328,50.59029831,53.2270322,14.91025277,1.327293708,22.66377577,30.34444638,83.40914877
17-05-2021,North,72.02864852,60.67834063,41.75574085,16.20768039,1.498833187,17.51806418,26.44883572,83.80910767
18-05-2021,North,111.2593847,60.76796853,29.7524925,15.10292131,1.390329008,44.83729707,20.96538957,74.8164992
19-05-2021,East,86.98714862,52.47323711,58.48040192,19.30749489,0.680091077,39.0503924,24.76995586,34.67122569
20-05-2021,North,90.25749232,39.41301678,49.90710847,25.85096167,0.979912333,18.85989946,28.05645574,71.11979651
21-05-2021,South,88.15212152,64.84461755,38.78978969,19.97479565,1.083257405,31.24601526,26.1728501,27.07689026
22-05-2021,West,82.72018461,59.08494042,47.2717126,17.78390654,0.922096611,29.19962951,28.00541369,82.57569216
23-05-2021,South,100.9704326,67.50360704,35.96296566,12.37192535,1.116357263,27.80806021,30.06122954,30.44041625
24-05-2021,South,83.38099767,51.9959954,48.29149035,22.76062292,1.246173044,26.72785722,21.75776673,66.36440481
25-05-2021,North,105.4091365,78.31231948,16.08921435,16.09797697,1.300842926,33.05015318,19.2246219,62.7170292
26-05-2021,South,98.99523781,46.84839328,29.80198666,20.5875881,1.505761046,36.5454042,24.81230599,74.38297591
27-05-2021,East,95.22103906,85.68060426,49.79259744,18.22890692,0.901167669,33.21912935,23.35128421,58.61042517
28-05-2021,West,81.84872676,33.78545235,37.50344462,24.1908861,0.590790051,29.035853,28.92923207,24.16966028
29-05-2021,East,88.46457339,66.52155097,42.07542295,19.21381804,1.107470378,28.74218626,19.62750805,69.40923778
30-05-2021,West,115.1078245,67.13146024,26.53214338,19.70536823,1.565143309,37.49451454,30.10190937,46.82081912
31-05-2021,East,110.0183438,48.06664398,58.47866996,22.42873574,0.856907242,33.7075595,31.76806055,42.41995009
01-06-2021,South,80.4488951,66.36590907,51.90529644,30.53470091,1.206054093,30.5815157,25.00152482,89.41714847
02-06-2021,West,101.9866461,79.19278005,37.99314782,24.44223465,1.208723738,29.71278962,25.30368063,61.32798362
03-06-2021,North,115.0277425,26.74771741,35.95304143,19.55696947,1.057432614,32.76216408,21.16226749,69.75033513
04-06-2021,Central,66.61189438,67.54117211,50.29604361,20.01598995,1.002077416,26.25321049,22.28669551,56.84282959
05-06-2021,East,110.8672038,22.6009377,59.8247045,17.3757027,0.722971238,36.57231054,22.9583166,73.89808522
06-06-2021,North,86.74752482,45.51502795,49.53760256,15.25002148,0.315501378,21.39313151,32.21470034,72.64509148
07-06-2021,South,111.4119734,84.43749547,61.71802667,17.23624606,0.666444788,26.70834792,24.64064607,66.0002281
08-06-2021,North,84.73481687,51.2732695,30.77648671,16.13925518,0.882908755,34.88884876,18.38913522,89.8420143
09-06-2021,West,63.90235799,42.39180053,31.8061317,23.26684192,1.329226806,20.93693749,26.27677171,52.18554739
10-06-2021,East,67.44915124,57.03093407,28.11058882,14.64402571,0.969061581,17.41593166,29.13145062,69.43346438
11-06-2021,West,100.9616989,91.01859507,44.4176065,26.66605281,0.844292284,30.5046214,24.87294315,75.8444574
12-06-2021,West,105.19445,32.52476629,41.7560355,23.76023192,0.732704367,16.42833476,32.3460672,46.32242967
13-06-2021,East,81.9136675,44.23035133,38.48048877,20.10250865,1.197041749,19.60957157,28.88754334,52.00225193
14-06-2021,Central,112.7718492,82.46147525,48.09258628,20.00159306,1.40750715,36.05275295,19.75435635,87.84170865
15-06-2021,Central,66.76959875,87.86553515,52.32328605,17.21359345,1.319030717,28.36171794,22.24283594,22.2603712
16-06-2021,North,98.67840403,58.44853164,24.74337591,21.35042206,1.18184491,40.2838956,26.13113141,43.47069578
17-06-2021,East,75.779676,41.41420946,34.03027972,25.44046232,0.557316176,20.36148527,16.66905381,54.03490736
18-06-2021,West,86.96327784,91.43765253,48.20143594,16.48421769,0.894497727,29.24838107,26.68178369,20.10254951
19-06-2021,West,100.9479734,83.91663588,35.32261316,12.33303956,1.584191269,33.19667643,16.19208786,82.93889707
20-06-2021,West,82.79173269,70.18420482,32.01793924,23.51609127,1.336585148,20.63588056,30.11716728,40.03710801
21-06-2021,North,92.30888912,47.81396477,50.18537428,21.62182987,0.538749035,38.25409524,29.53636842,38.03933825
22-06-2021,Central,120.1258562,59.26455989,27.1049993,14.39900599,0.983322843,34.08543107,27.5239068,77.42283367
23-06-2021,East,88.46216261,57.59459878,36.98420192,16.33304315,1.10892953,17.12570331,21.62060818,39.458826
24-06-2021,East,116.7138422,64.96276957,43.28644026,15.70447863,0.771352461,29.69806563,25.85101412,66.03358157
25-06-2021,West,77.40586291,81.76502157,34.26180086,16.37733865,0.307238794,33.08765389,22.43311256,77.50522007
26-06-2021,South,110.5960836,73.19125562,47.83155656,18.38158623,1.029647214,25.27954661,19.84592361,75.47337934
27-06-2021,West,128.8313724,43.83935885,34.31123025,18.66726348,0.763672523,18.16108076,23.30628494,74.73655162
28-06-2021,Central,50.56711,80.64744675,54.08619493,16.74603172,0.764847478,32.22767032,28.49132768,26.20462989
29-06-2021,South,84.06209489,64.6969821,38.74253703,16.2091809,0.893595892,47.6899436,25.21907096,25.58928773
30-06-2021,West,111.5414425,70.30598694,46.71270137,18.85607828,0.959897226,26.90412721,32.25354962,41.4739025
01-07-2021,West,95.93909228,81.99811289,47.46023953,20.83845767,0.997275162,42.55392945,28.8289027,22.51635168
02-07-2021,East,107.4229175,43.32629626,33.72459997,18.41851732,0.73480303,23.98168943,28.29345407,55.03008156
03-07-2021,South,87.92029627,59.46261632,19.46513451,25.79333512,0.933937141,31.72436508,16.95536725,47.63474464
04-07-2021,North,101.7317957,52.02818173,43.60755755,22.54043857,0.472772989,36.17218025,23.57420735,58.99181388
05-07-2021,East,96.88645529,36.48210862,40.72288347,12.04577072,1.09331172,29.93269067,19.67813795,40.91519771
06-07-2021,North,123.3556412,65.20064966,45.55826028,22.61863883,0.143117376,27.61811481,24.0849856,54.00278021
07-07-2021,North,105.0884169,97.67334827,37.73472528,23.02771991,0.913152976,35.80902017,21.53361938,43.43213361
08-07-2021,South,106.7520532,32.39883383,35.69572301,17.82632516,1.275755846,45.13164092,23.11197523,33.66456646
09-07-2021,South,91.76246068,59.51579083,60.08473011,12.52401206,0.682197794,32.4046954,30.30581366,65.45566768
10-07-2021,East,90.24787552,69.60814403,25.27645938,20.0403338,1.214929061,25.87151859,27.37624965,67.1405131
11-07-2021,Central,91.34883624,61.84617302,47.33950478,19.96145674,1.346719814,28.48198754,30.03557214,78.04621849
12-07-2021,West,107.8890428,58.30307921,34.25398142,14.39176882,0.007630014,50.15766117,16.99658445,81.23262482
13-07-2021,West,91.58031038,40.51175455,36.64221382,12.74390392,0.954591129,31.07925693,25.28987348,69.31233331
14-07-2021,West,105.7954971,63.49180114,36.82897167,19.56223227,0.137267972,25.24469041,29.83352491,68.12486607
15-07-2021,East,141.508016,48.64854034,31.96565726,18.83461404,0.964537466,20.83945667,32.53147957,23.96729657
16-07-2021,Central,117.4224941,27.15117443,45.7122421,17.91367317,0.997848637,15.39279125,17.25955805,27.6845469
17-07-2021,Central,93.47952936,77.91888331,53.90643596,19.58294633,0.255236804,32.90867419,23.24258182,76.87938973
18-07-2021,South,124.0242784,74.3757873,44.70013661,14.48611813,1.577451509,35.23713594,30.17113337,36.30658831
19-07-2021,North,91.83849254,60.77491465,41.03381996,17.82589694,1.085804742,26.82643056,24.03860844,44.88955422
20-07-2021,West,59.2375093,63.43612032,30.13559501,22.66662515,0.74529297,29.88023666,20.44791163,30.17081476
21-07-2021,South,79.83827378,76.11477019,45.16825266,18.2501496,1.439613828,20.63630633,17.25000411,33.6606378
22-07-2021,South,62.58416158,63.36509485,61.56349632,11.64013764,0.461316034,31.06342772,20.25649233,74.27920648
23-07-2021,South,92.96973032,73.56026332,36.19305376,17.63653861,0.63124869,33.85196256,16.55549166,38.33017337
24-07-2021,Central,100.3683676,55.53776699,36.24016421,14.64920768,0.310163343,25.71868586,25.29230228,51.43244764
25-07-2021,Central,133.5287462,79.67975608,34.38910869,21.33568148,1.540313559,43.52362136,29.48155093,30.61699611
26-07-2021,Central,106.5385475,64.81178589,35.10585766,21.59418702,1.099703911,23.30314939,18.69512621,67.45509344
27-07-2021,East,95.61798942,62.91077915,12.54700446,11.70612687,1.197820537,32.26781283,26.28864871,70.97888139
28-07-2021,East,116.5881116,40.94908367,44.05035386,23.79506485,1.09030037,36.78653776,29.22635515,45.31846225
29-07-2021,Central,55.77729382,64.30433781,31.54447824,14.43906849,1.172130328,29.381684,24.98645837,74.93226523
30-07-2021,East,104.7122912,47.52067624,23.89736881,27.79591145,1.023423314,28.49218545,16.94652853,36.79346563
31-07-2021,North,115.4173039,50.4257591,47.5318995,19.75611868,1.081276403,18.5690708,26.93105777,68.43327035
01-08-2021,East,70.42827508,47.76936558,29.17982215,13.76803251,1.032281031,40.85873197,24.72676528,71.0975207
02-08-2021,East,122.8750809,44.00647602,36.61330946,14.29006965,0.817422458,28.64085439,24.21747676,87.80601645
03-08-2021,East,106.7699281,91.87157105,54.66442391,21.74047646,0.98601257,34.2989234,22.26581377,36.26251656
04-08-2021,Central,91.69424172,79.97008593,25.90784202,18.04350055,1.082078372,35.3817639,25.43393713,26.5597336
05-08-2021,West,112.6556373,88.80551253,24.67401765,19.51673045,1.033164736,24.97361206,27.54908954,38.41247956
06-08-2021,West,145.4138572,41.65657471,42.6930619,28.06390116,0.556668368,28.41977117,36.95324067,28.60035376
07-08-2021,South,103.6373251,61.06880625,51.49487364,16.50377968,0.596503999,40.67585881,25.56166034,31.87860159
08-08-2021,Central,104.9644117,40.59738562,24.25658282,20.29981429,1.32485243,21.06241867,32.5557058,43.38801583
09-08-2021,North,90.81278201,49.56457684,44.07689737,27.09922244,0.907901786,47.0233446,26.78877542,48.97935227
10-08-2021,West,83.00311261,46.22809525,45.8099954,21.35256738,1.175417604,24.04101772,24.50235836,83.2606958
11-08-2021,Central,116.6067163,78.5937601,19.40839516,11.96698632,0.672364027,20.56386035,25.74273764,33.69310401
12-08-2021,Central,82.87832348,54.05655483,47.98501338,22.52694506,0.558056237,31.05847217,18.89131815,88.02312831
13-08-2021,North,101.4313247,76.02569001,48.7660588,14.18498571,0.746921016,47.66678611,26.52930135,76.71072469
14-08-2021,Central,90.44685106,69.06181334,36.88214427,27.03403764,0.933230479,14.71227252,15.03967468,81.70299729
15-08-2021,North,109.5795965,94.55458128,52.52346362,15.88566198,0.80045791,28.87187425,20.68666821,85.06107928
16-08-2021,North,106.6732421,37.80833665,51.36455574,34.84754754,1.388180057,33.81012014,25.54921547,72.7268838
17-08-2021,Central,120.7507989,78.8884986,41.03117926,27.33687994,1.05385699,30.26919967,30.96991137,75.21458821
18-08-2021,East,89.79967202,77.19661306,35.4855461,16.01693715,1.554681586,33.05537336,32.15312198,50.64728076
19-08-2021,North,94.60250129,45.39931743,30.27172107,20.10006903,1.121322446,24.25573534,23.8172671,55.73151643
20-08-2021,West,80.42472568,75.10700005,39.62436491,23.76822141,0.276234755,25.20222523,25.7785866,85.27397987
21-08-2021,Central,91.1141348,65.04217445,45.6975892,23.91830237,1.316812482,28.81261882,29.92181235,46.47791381
22-08-2021,Central,107.5460099,56.5878561,36.75823139,22.2116813,0.547134513,20.9608953,18.35253214,22.93629511
23-08-2021,North,115.1397723,47.6409677,18.02498995,26.26079518,1.0691601,29.64250879,27.02373753,73.39280698
24-08-2021,West,81.55669352,49.21335823,52.68713895,19.38515527,0.767594783,26.89003765,20.86053566,60.12102582
25-08-2021,North,117.3921184,90.74718144,41.90223222,18.16641166,1.64281331,26.23963852,24.14087478,77.04131736
26-08-2021,West,127.1127572,60.01024228,36.20375503,18.26568006,1.431879378,32.5640513,22.70488375,25.28858866
27-08-2021,North,108.2686981,71.73195002,48.57158388,24.29186616,0.777453807,15.43472405,27.17679064,63.48623933
28-08-2021,West,137.5359163,48.13650927,55.24638596,21.8259052,0.9617927,28.16727917,27.75151837,37.33941216
29-08-2021,East,84.52421602,48.30220581,11.98088431,21.45641833,1.073379421,48.53883012,29.45539339,83.22880161
30-08-2021,East,75.10690593,76.22977214,44.3426365,23.97617125,1.259024221,21.31112251,26.74099414,27.69369578
31-08-2021,South,64.42559502,39.75635683,25.73350789,9.744737961,1.008745574,40.28400397,25.85826885,79.01484909
01-09-2021,West,129.9208862,53.77179348,44.99110507,21.55034412,0.69253153,30.43724897,34.270119,26.19879764
02-09-2021,East,113.0873131,60.51041117,41.27927202,21.09284444,0.784732408,25.17633753,17.37820465,21.75681488
03-09-2021,Central,98.88830658,61.67058903,46.35726526,28.34404041,0.998655461,19.43486672,33.4780493,36.4541601
04-09-2021,Central,105.5993725,57.31360072,35.00752386,12.35706009,1.370337094,31.11745572,23.55089046,43.31311786
05-09-2021,North,77.49021905,65.93729672,21.26759888,27.78593316,1.128351358,41.62717685,27.85445793,63.85701403
06-09-2021,West,148.9150396,70.39283634,35.49631809,20.37704564,0.767975522,26.88631084,23.3717016,29.22072182
07-09-2021,Central,102.5844236,71.01956318,44.06847635,22.44494765,1.194511833,29.3523086,21.48729185,50.61309535
08-09-2021,West,102.1878959,45.21294287,50.15392329,28.37959394,0.883904548,38.0829668,27.42288596,34.29845215
09-09-2021,West,114.5153325,55.73767353,28.281687,22.80380634,1.267122402,32.72696633,30.21064154,79.87123251
10-09-2021,South,109.6201846,77.92144293,50.27060427,22.00184145,1.758103125,17.42179376,27.36503977,23.14765556
11-09-2021,North,104.4776805,73.41970781,33.5212771,21.21145593,0.892352089,30.79109773,22.28942107,44.91564087
12-09-2021,Central,84.19051089,39.40710823,43.62449882,17.58260933,1.240481548,42.09787929,43.05675031,64.1961856
13-09-2021,East,109.4293671,65.27219851,34.90106047,19.85755438,0.776382,29.70447051,30.99286835,83.91617246
14-09-2021,West,137.6404899,30.32662126,41.82170628,16.42243617,0.96632087,8.068084564,29.66671152,80.75953959
15-09-2021,North,126.9084009,60.70402353,48.91877635,19.7771655,1.008868686,33.10571993,23.23517885,82.66343997
16-09-2021,Central,131.8637325,88.46650525,27.72985923,8.320346515,0.941894902,28.41234848,21.87417106,24.39973056
17-09-2021,Central,89.77568647,45.78160924,33.20094103,22.14519784,1.738904107,15.36724469,23.60080462,78.8646283
18-09-2021,West,80.20790359,47.48515432,41.84962587,19.39131373,0.908022078,16.56633528,30.40703272,74.5938805
19-09-2021,Central,97.4842616,71.46044672,64.01583661,18.31898132,1.176055462,37.80085715,20.04697831,83.17021545
20-09-2021,North,101.1144982,36.85797727,31.36810288,21.09879042,0.420973939,24.14093804,19.65898084,41.81033871
21-09-2021,North,121.8838304,50.50867455,60.40133886,12.83218039,1.129598969,22.74002895,27.69773767,83.82355744
22-09-2021,West,66.15070741,68.94661706,60.04423304,29.64634998,1.342616378,29.71489151,26.59598222,48.18487596
23-09-2021,West,130.5910064,50.48571228,39.02688849,19.48616269,0.841720797,24.84637601,21.14843231,64.38697799
24-09-2021,Central,96.83984203,56.46045019,37.01847474,19.27077784,0.246933358,30.80038902,19.54398211,49.69252938
25-09-2021,North,91.4623786,71.16278565,33.07934801,15.17301895,0.988404469,28.37823976,32.18948497,49.93539014
26-09-2021,East,79.75791249,66.32319125,39.3179747,20.11973191,1.005155155,20.40003536,26.78502213,58.26459132
27-09-2021,South,66.90286656,64.00227594,25.93280567,26.93479945,1.217222515,25.91041761,18.18232068,44.91486967
28-09-2021,Central,116.4634117,54.91316581,39.23760983,25.17958105,1.603270911,33.54202657,18.53187232,75.4915896
29-09-2021,East,101.4663593,65.55091673,54.96880274,24.27218876,0.885983905,30.33534432,23.19244014,64.35471148
30-09-2021,South,74.20078201,58.1440098,33.88914938,22.73199476,0.743113563,29.34446014,28.66420903,68.28290331
01-10-2021,South,74.09842456,66.86708415,37.59275696,18.20728736,0.64992466,45.49907393,27.97504401,36.17243602
02-10-2021,South,93.28430601,52.54601962,22.98859526,12.74918416,1.059423585,35.8483002,30.65839269,87.87027019
03-10-2021,Central,133.3804305,57.26146538,43.74062088,18.99480614,1.143806278,36.81953012,17.54825096,66.21232684
04-10-2021,South,94.80817297,45.15063311,42.64481685,18.82064268,0.836303382,28.67225274,26.11923345,33.80371052
05-10-2021,East,69.93714094,59.47488585,40.6370236,25.2439722,1.233604824,31.76116152,32.12955166,72.53431704
06-10-2021,East,95.08513872,47.83498705,37.8317295,21.54695221,1.139615223,26.55120008,31.66400865,32.15998722
07-10-2021,North,94.54552861,43.28930325,37.07242081,28.06155764,1.012969507,36.22039812,26.79454991,24.43694274
08-10-2021,East,46.06226714,63.87991722,45.01900234,25.9874427,0.729275584,29.11680077,36.74009254,56.92873773
09-10-2021,East,98.91410267,63.19109664,39.71183398,17.71752195,0.855440705,31.77902199,28.04642558,58.74667679
10-10-2021,North,95.3813094,71.74310602,43.14971872,11.02435402,0.271073411,31.28489042,30.21373316,33.22759023
11-10-2021,North,113.9241273,53.53311646,42.14982817,26.92787617,1.070736119,29.85466495,25.22223959,44.3865261
12-10-2021,East,136.9791219,66.1207927,51.23427287,26.79692612,1.007902387,53.50550454,21.09512354,86.2038507
13-10-2021,North,122.5313006,68.26196358,46.76994097,13.16894205,1.056543697,24.66704578,20.623954,39.95022625
14-10-2021,South,94.62222619,66.67160712,41.92861843,27.5462001,1.151295705,24.59430776,25.90807607,30.88976425
15-10-2021,Central,77.86948183,47.61519476,55.18422031,21.91058585,1.115746446,35.55277397,23.94248997,89.47933711
16-10-2021,South,151.4671961,62.24045223,44.20268529,20.80342749,0.966885046,25.23864801,16.15707165,41.16138755
17-10-2021,North,101.1843687,65.46210444,53.04962689,28.07391627,1.014600413,27.66874911,19.87103208,67.61775712
18-10-2021,West,100.2785858,60.107677,46.06942608,26.72342587,0.578705075,21.30871237,23.40798213,36.2092127
19-10-2021,North,99.51749826,28.70283512,21.58080921,23.25665476,0.824883806,33.93246336,28.63639688,58.50848379
20-10-2021,West,103.9616952,62.40734436,53.04834763,22.36608533,1.015141316,34.03405796,24.91963057,47.03973906
21-10-2021,North,97.11279176,93.18796559,41.35176241,23.08197145,0.779243927,27.47846352,24.63967895,87.31054828
22-10-2021,East,88.52675986,54.59941097,39.48045229,17.99971283,1.258045239,35.71853351,20.06543686,50.29641122
23-10-2021,North,89.06282118,49.07884353,42.81348347,19.72449275,0.802410376,15.13499989,25.1158304,60.89219289
24-10-2021,Central,99.3449346,65.6002284,36.55016838,15.48841423,1.064891623,24.34517279,31.59550514,86.13363861
25-10-2021,South,89.13150458,64.68567316,42.2702886,18.33480112,1.034969697,28.64016651,25.77787556,89.246401
26-10-2021,South,85.74308435,77.89102748,34.08123934,18.16683061,1.223883278,20.62174002,17.46343209,27.11608548
27-10-2021,North,102.1286046,41.13197766,52.74272259,16.82347315,1.270237352,16.0102957,18.74238603,78.40244984
28-10-2021,East,94.90045565,70.97070379,38.86411886,20.68373251,1.208209783,27.53683228,27.94394439,46.74815459
29-10-2021,East,130.0798598,68.85633092,36.17416157,18.38009575,0.36819814,35.5521607,23.87842262,61.63800943
30-10-2021,East,46.98060383,57.86780195,30.75074184,22.5111736,1.358244444,40.25686713,24.62709885,46.25336553
31-10-2021,East,121.830137,65.08030977,42.68775789,11.88839693,1.458192467,25.62169693,21.93632912,48.0781344
01-11-2021,East,124.9217038,75.44186222,41.871071,19.43322603,0.855362715,35.8657267,27.51706106,31.12002752
02-11-2021,East,58.53219535,73.0847307,43.88424614,20.6577582,1.070994074,35.0923363,23.49541143,60.09365209
03-11-2021,West,93.14624812,42.85471032,29.72748112,18.4468538,0.732750496,39.74886539,24.06693389,58.27011622
04-11-2021,West,92.57118268,72.3023728,23.98818801,19.1380365,0.415486448,27.19847176,20.74388304,33.2549052
05-11-2021,West,71.84976611,59.02967092,46.25591303,12.07376995,0.77838542,15.61199604,29.60845649,57.92113005
06-11-2021,South,84.44366625,61.09311147,54.84641862,21.78238552,0.837958288,30.56148682,23.89433604,88.11713178
07-11-2021,West,77.78848309,61.09795487,29.73646378,23.23802991,0.893544781,21.88965007,28.03940167,70.00860171
08-11-2021,South,135.0454089,57.74635517,55.89441284,22.46768647,0.712325773,24.21195913,19.03204218,53.66877917
09-11-2021,Central,118.7135679,77.87561246,42.83911059,25.1936353,0.77997245,27.59024685,33.66941569,84.12587899
10-11-2021,South,125.4311019,58.7442306,39.92937095,21.00764803,0.996698104,27.28857895,31.38687019,60.27200496
11-11-2021,East,114.4334413,43.20680807,36.02451303,22.3934059,0.768931905,31.13247414,15.45101165,29.45335991
12-11-2021,Central,77.41896458,54.09705216,26.15481981,20.78045369,1.1630573,35.62525053,20.99031262,58.32567535
13-11-2021,East,89.50959467,62.68042075,49.87728516,23.4377536,1.204498195,27.05811533,27.38817196,32.66811808
14-11-2021,South,109.7874912,78.43822176,32.24393639,12.11385182,1.714116324,33.16558005,18.40135672,73.72533871
15-11-2021,East,75.55744382,69.04642027,32.20193324,15.53209516,1.33770398,30.11852808,24.34202959,87.702195
16-11-2021,Central,114.2599686,47.24197082,49.9192631,27.93449829,1.072930917,37.48395517,27.13315893,45.25730092
17-11-2021,North,95.19349204,97.27784875,21.17016553,7.69782089,0.813920711,28.49126519,24.07637044,50.44425161
18-11-2021,Central,92.50358385,63.97162966,24.76402189,19.29911035,1.088124206,29.36858659,27.69419352,49.50475268
19-11-2021,Central,114.2191994,79.13086107,39.81865756,25.8613748,1.097978788,27.00479642,21.53335048,39.97099831
20-11-2021,Central,108.8852662,57.7242835,42.93284429,19.53369667,0.846006073,28.70201168,13.77909229,75.59259754
21-11-2021,West,92.78067668,68.00038867,44.84734648,17.97494464,1.235119419,23.73209497,29.91057656,63.24098329
22-11-2021,Central,123.1865961,72.59202757,36.98201507,20.64710838,0.580570596,22.93922171,29.87907327,24.48360898
23-11-2021,East,78.37873345,78.27292068,65.30369669,18.2343991,0.926680049,36.20612308,37.51818321,78.71644345
24-11-2021,West,112.3187121,75.86052458,37.72107441,20.15424746,1.166757538,21.33438653,13.96406741,33.09617618
25-11-2021,North,111.8620252,73.082955,37.69213848,16.58309482,0.913724756,27.44705528,28.75416055,88.54058132
26-11-2021,North,93.80907121,55.27369903,32.03013331,25.5433721,0.937973679,38.12274229,15.15658931,46.36641973
27-11-2021,Central,106.5226604,51.42380937,41.23906817,27.11632461,0.958664242,27.17839364,33.78246641,63.1514753
28-11-2021,South,74.97772847,64.98911265,46.14961232,19.33304839,0.749319628,36.62992363,27.43933417,25.44765332
29-11-2021,South,118.4805404,73.99692109,52.03578055,13.0675529,1.352170279,25.27163423,20.24035576,44.12642923
30-11-2021,East,96.30195727,56.65918949,25.10715736,17.38078415,0.694588698,21.59069115,28.90111237,76.16477702
01-12-2021,North,89.54553959,75.97757949,37.54004662,19.0800567,1.095447798,17.24139316,22.23477496,53.40459444
02-12-2021,West,120.9801845,81.78925118,44.46703611,22.52769438,1.124094369,40.50179255,26.5020805,83.32224385
03-12-2021,North,85.91312619,46.25518621,45.87057535,14.95993388,0.71541343,20.90503055,26.02980358,60.25969087
04-12-2021,Central,71.83077407,47.44618944,40.06548658,16.15418841,1.021931276,35.97749272,33.72084068,85.00005368
05-12-2021,West,68.86741653,57.89437412,45.4242397,22.55338069,0.727110348,22.00042379,34.07462955,88.78269349
06-12-2021,West,112.120199,64.61419002,31.91036107,24.69454416,1.417312743,40.53907134,22.01367313,51.77261917
07-12-2021,South,74.39141295,52.13149479,55.57905432,16.89202977,0.658365119,47.6542618,30.29052809,59.56096008
08-12-2021,Central,135.0958836,80.28304018,49.92628103,13.33391473,0.803830872,16.50775952,26.77420078,78.44444503
09-12-2021,East,58.36141184,66.36100292,26.55072213,36.42059101,0.632732497,21.32194853,17.93658966,35.50731039
10-12-2021,South,133.9291274,60.59170572,29.24896952,23.91652119,0.592690382,36.18505491,21.5188581,80.31407016
11-12-2021,East,104.2203493,38.46135714,29.5307825,18.66498119,1.477364587,34.10434339,36.6807305,61.43440983
12-12-2021,South,98.06573776,40.26276275,46.77969971,24.34515638,1.162832402,36.21537484,26.78927201,70.78500948
13-12-2021,West,89.10161826,64.21513875,27.15272234,19.37771685,1.042088028,25.4099556,29.9988979,25.58978159
14-12-2021,South,107.9827223,28.01106561,36.68975666,24.33578445,0.803026911,45.90027329,23.93977844,73.63313784
15-12-2021,West,99.24730595,75.18956114,44.54704396,20.79696599,1.272283543,30.94439573,22.30029043,41.75508332
16-12-2021,North,122.0660376,57.62769233,39.33834065,20.45635949,0.752733268,20.26429939,25.13632254,76.36625938
17-12-2021,East,102.284553,108.6463945,42.58887516,19.43209066,1.238091788,27.974812,23.66947972,55.64067768
18-12-2021,East,103.0060352,94.61874376,29.34197289,12.76309333,0.738246617,20.37146483,17.53373534,39.22300344
19-12-2021,North,92.72775576,57.27826396,45.94854373,29.6904745,0.806647689,42.72753087,19.98337271,86.69317879
20-12-2021,East,98.86108753,58.40494496,33.86788108,15.2923304,1.227484716,24.7173499,28.53942257,73.55436784
21-12-2021,South,106.1560354,74.93372271,36.75380326,13.19988212,1.259148203,33.93986788,23.09654655,88.99802517
22-12-2021,South,65.79663215,85.54758915,42.37731728,18.93570059,1.17924188,26.23461484,25.12852441,45.51289289
23-12-2021,Central,73.03629156,35.42956414,41.03078222,15.19264093,0.685097765,25.07690152,26.17461525,65.44537435
24-12-2021,Central,114.8652819,33.20436802,40.23980019,19.74143605,0.86598194,14.71796655,26.56525024,62.81120745
25-12-2021,West,103.4173088,50.66947792,32.49373178,23.43881924,1.047069622,34.78539682,30.73289531,68.12897187
26-12-2021,North,96.32033327,68.74106375,37.00450589,24.9765145,0.745215711,40.39345002,19.50652092,22.68215962
27-12-2021,Central,100.3686787,67.45310386,40.02183591,24.07365361,1.411288828,22.67225935,27.85126362,40.42035267
28-12-2021,West,106.9516341,76.04657182,26.24914767,18.47183973,0.279415917,17.63816708,28.77513897,83.65363017
29-12-2021,South,89.20480639,42.00453707,35.37467034,20.24795914,0.766378145,36.42652834,29.9292589,49.66740384
30-12-2021,West,84.43390549,25.25784206,43.87679879,22.03939525,0.847130049,16.83006921,17.935412,87.24505754
01-01-2020,East,103.9169051,72.87021293,27.22563396,11.21106288,0.146816901,39.75626349,26.27409609,34.94522209
02-01-2020,Central,80.43254445,47.57705591,51.56581652,22.8529235,0.581131261,22.76483902,33.58037973,89.81967814
03-01-2020,West,108.1650551,29.72268203,52.69613263,12.71350356,1.187586854,21.17365806,24.5043974,68.83066363
04-01-2020,North,65.94832792,62.17595619,27.54849424,30.20173299,1.009085091,31.98769937,27.41747351,74.34753968
05-01-2020,Central,120.5831127,71.89763532,53.57619633,17.97742458,1.471940807,21.69488572,28.90197797,47.78028205
06-01-2020,Central,109.4519496,58.16914302,38.56418411,19.07562411,1.463567934,24.34311135,19.87265078,83.49056849
07-01-2020,West,105.1205947,53.13227421,44.18514559,16.1514645,1.129913914,32.83185546,34.16912364,58.18240307
08-01-2020,South,119.6538197,57.60956652,35.03348948,16.85014984,1.093971475,10.5671013,27.49750398,67.66568662
09-01-2020,East,133.3094889,54.44125856,49.23044827,31.37046785,1.019779333,43.13935397,27.59751407,26.63657899
10-01-2020,South,120.2874013,39.77929332,44.06094019,24.70184844,0.203475395,30.34912106,16.68986311,64.21764906
11-01-2020,North,63.18251537,49.27978985,31.85846743,12.25398777,0.581632146,19.6562719,28.97272399,81.53552918
12-01-2020,Central,74.40846067,67.81919858,28.34798,27.5210645,1.030202651,21.86203705,27.53205171,32.47982598
13-01-2020,East,87.50362845,64.82517812,25.39697565,25.96621138,1.184807713,37.93317103,33.12095664,71.64081542
14-01-2020,Central,100.521821,62.52089709,41.87941776,18.59393769,1.086900944,34.80842348,23.44367393,21.77805313
15-01-2020,North,110.3531804,45.07277277,45.72471412,21.53348471,0.73226051,41.09424526,20.06170835,84.83421116
16-01-2020,South,85.48512374,57.27745257,46.50965679,19.9252796,1.281221885,24.53805724,21.58880503,88.80419812
17-01-2020,South,103.7353353,27.3440243,38.82018905,29.86289952,1.444733209,32.3726707,22.47510882,44.79260468
18-01-2020,East,84.89234135,62.67714996,28.43003544,16.01854906,1.28139688,33.41254329,19.40576741,27.49516948
19-01-2020,South,87.76964394,81.43286562,33.17925202,20.73005305,1.296879799,35.56214,31.45080012,66.10034577
20-01-2020,South,71.86677806,37.88801802,51.52348639,17.85927335,0.832232261,39.01824899,31.63848931,22.08841599
21-01-2020,East,81.53533508,51.2110849,35.15371435,12.83479798,1.322780237,24.26188875,24.02104149,53.77403969
22-01-2020,Central,72.96630789,64.93660168,41.43417631,30.95819128,1.043727592,29.08663786,23.03620039,39.02454226
23-01-2020,East,80.48253494,78.79263952,29.24349516,14.0921671,1.153466659,25.11880204,15.92259043,53.13373378
24-01-2020,West,121.0728359,53.27663076,43.36583045,21.10064594,1.109629553,29.57910501,28.47980628,21.27928603
25-01-2020,Central,81.01202222,49.61624506,35.42315438,11.29649697,0.963553868,35.58746226,33.26720054,23.61285281
26-01-2020,West,152.6476413,30.46615286,50.46712714,18.0046473,0.741999257,16.767716,21.81402641,21.11830802
27-01-2020,East,109.866358,61.55157194,47.73557706,22.10984411,0.975359001,38.87497256,24.41607737,63.3392309
28-01-2020,South,103.6967225,90.6311406,35.04294053,15.8763301,1.296028485,20.88654301,27.17145731,59.20650424
29-01-2020,South,82.8328444,64.16037693,38.73335973,22.93400925,0.867557258,27.54103744,33.6220918,36.3210599
30-01-2020,Central,114.0061976,59.66581531,34.4888376,18.65479454,1.268004179,39.9515354,25.99888111,65.26501902
31-01-2020,South,88.48724348,64.83123466,25.80566803,25.80041256,1.221121201,32.62407774,25.97714958,81.89450798
01-02-2020,North,102.4401963,59.83361994,31.4255757,26.80880457,0.910318781,32.71623959,25.89659251,39.41254707
02-02-2020,East,151.2016908,47.80478442,41.98217328,17.0662762,1.416640031,20.55499164,17.87483747,78.23956655
03-02-2020,South,98.07880201,72.34919874,43.25259498,20.3836643,0.893335999,21.64731251,17.76604673,66.37563952
04-02-2020,West,122.9854665,63.38642285,41.48547904,20.91727113,1.452864059,37.53005117,20.96002415,22.36743102
05-02-2020,Central,85.9364715,60.26419878,36.98266946,23.09674648,1.130238094,25.28685164,30.06445287,46.26049271
06-02-2020,South,99.30023019,45.36950959,49.33066606,20.07190998,0.995240224,26.04070501,23.32321465,55.54300511
07-02-2020,North,135.4160127,79.55261898,40.63541905,20.9510548,0.733659586,37.71161001,22.35197976,71.2189433
08-02-2020,South,87.46065884,69.97054118,47.03253828,18.78296763,0.973521931,21.60069164,22.26412698,40.09913908
09-02-2020,East,136.2489712,51.70618744,22.26224868,20.57619933,0.938872146,32.15388106,24.31171561,88.79110734
10-02-2020,Central,114.1550387,75.02737281,0.775997484,26.48970097,0.622511084,30.34325861,33.51053967,67.91778184
11-02-2020,North,88.75066448,52.53643742,42.83788028,23.23041621,0.934715373,29.97851419,24.24401307,46.0969574
12-02-2020,South,112.6481548,48.26994761,25.75234346,23.5062782,0.758859046,25.85251494,21.06851297,26.79175274
13-02-2020,West,119.451089,48.60445324,37.87548297,23.61535162,1.175797531,25.36115855,25.12622815,32.69574322
14-02-2020,East,112.4361992,33.4339717,36.97902959,19.23095611,1.391884143,21.37308669,33.77541803,54.1325432
15-02-2020,Central,68.5955056,67.07313571,55.87400602,21.59413522,0.631925297,33.86132021,22.48587641,54.62867485
16-02-2020,West,85.45725648,32.53282682,43.99996553,14.57413161,1.513692319,24.65480647,19.09497496,73.74031354
17-02-2020,East,95.04962729,41.57334253,41.65859027,26.34403828,0.96143469,37.74995697,22.49504365,70.83236379
18-02-2020,Central,98.51133142,28.86617986,48.36991155,6.085197838,0.707493585,28.20355967,25.64381868,34.0891127
19-02-2020,North,112.413442,58.70895461,43.68497587,19.56425804,1.227326434,21.53239608,28.44120475,61.64696344
20-02-2020,North,103.55402,57.7451931,35.42323007,25.70447989,0.866063657,28.09748894,30.03441789,21.44352605
21-02-2020,West,73.29311283,55.0995568,50.7147593,13.18066033,0.975478997,26.71314241,19.77141363,47.89831796
22-02-2020,Central,107.603957,44.36133458,28.90249872,21.99889959,0.878716527,38.07282729,20.24577333,73.48736684
23-02-2020,South,112.2117149,42.4164937,43.23247188,16.59616777,0.75497862,27.04799849,23.3836887,47.96560153
24-02-2020,Central,111.195809,66.96554795,24.52430206,18.15598367,1.21719911,27.79031695,28.42246512,78.49173679
25-02-2020,South,121.6156145,51.74172102,42.03943858,24.7297048,0.914109579,41.29237364,18.69996051,88.33087031
26-02-2020,North,116.6784431,64.74537482,41.92989642,20.99028463,0.569004462,34.06613857,21.96336545,62.50488219
27-02-2020,North,109.1836016,46.72126971,56.76454962,9.828220661,1.165318037,43.30164813,22.03628135,30.15028534
28-02-2020,West,98.59668577,62.71594114,24.35026107,15.1178723,0.638325295,40.07236003,29.70874428,46.57740455
29-02-2020,South,66.78078133,79.54917056,33.99112824,24.87667867,0.654021948,22.90269929,27.6413038,20.66383485
01-03-2020,Central,108.5923644,68.79248701,48.22682427,22.24471359,1.357781861,37.91960684,29.51859181,62.19081467
02-03-2020,East,104.1537537,53.81379273,43.35317256,28.74067786,0.64109803,42.20242634,31.69338987,77.50979507
03-03-2020,West,105.4315767,63.85798456,41.80305051,28.41323797,0.305066543,42.26250506,23.47174952,64.09580552
04-03-2020,South,74.46502848,56.39002238,30.43864297,18.28877435,1.186858445,37.90476787,19.06296923,75.02603604
05-03-2020,Central,78.37886919,60.11820277,34.09181652,32.51618903,0.908840971,37.74018396,19.09518191,75.99327491
06-03-2020,West,121.0630571,55.11583422,52.45041008,20.12239835,0.934703464,27.57871165,15.80946217,79.57088034
07-03-2020,South,99.20889692,57.53497191,39.48490806,15.18665733,0.905649882,23.30094333,22.70616585,38.66646481
08-03-2020,Central,113.6300139,63.1814003,43.75359696,16.83180067,1.069500982,27.18226145,23.07888693,80.9887966
09-03-2020,East,100.5663675,45.09961951,38.84811671,8.716374474,0.774184227,16.68168799,28.93776703,65.78657989
10-03-2020,Central,100.5951228,44.7618176,28.16914485,28.03509504,1.442834462,40.74236252,25.08457109,40.28078896
11-03-2020,East,118.7656761,39.17186169,49.33810426,27.97380995,0.557130856,27.73365632,22.54835778,89.11063005
12-03-2020,West,89.67910544,35.99593343,45.03232385,14.92246281,1.133462475,40.33064583,24.42000637,86.51276756
13-03-2020,West,101.9224155,41.74075962,63.05636837,18.86057856,1.192636301,20.14800338,19.80513258,60.21086882
14-03-2020,West,90.75449423,62.3919376,29.8441862,20.47803772,0.772104472,38.66099937,30.12703285,79.02458649
15-03-2020,South,91.31007545,46.60818727,48.22572921,15.19823474,0.692879666,26.04095473,21.07042219,38.30461421
16-03-2020,North,93.81655753,67.70421696,26.88456034,11.22448984,1.305152264,19.72504473,19.30034364,49.12258976
17-03-2020,South,104.4426754,60.52070623,41.57346568,18.94821198,0.702741774,43.01694442,29.08940983,32.87802325
18-03-2020,South,90.42502757,30.4724368,49.76506589,18.39460285,0.818000818,38.85849335,27.87082104,56.40718498
19-03-2020,South,125.1151225,69.82463376,19.27864884,18.0579438,1.266192689,31.69433936,16.38157311,54.72010011
20-03-2020,North,82.10785396,72.16197968,37.95067526,21.11358031,1.01042237,30.27150308,29.27500817,34.89692582
21-03-2020,East,96.26256712,45.09205988,34.36790266,27.14759829,0.4608569,33.51608015,21.2920368,67.09611856
22-03-2020,South,91.20537883,66.30287314,32.98042702,18.4845364,1.524117743,31.55702862,23.12947736,28.24532069
23-03-2020,South,128.9395577,47.15252644,43.85212652,20.85221499,0.840996772,23.66179237,25.93510054,24.31840157
24-03-2020,Central,103.9310955,61.46505565,51.20685706,23.63435262,0.879172813,26.70358184,27.93312441,46.94334781
25-03-2020,Central,120.6368908,41.0325239,38.66721285,22.77071463,1.076735276,45.68574266,27.22739587,48.68773444
26-03-2020,West,70.28879254,33.10340321,42.05486428,16.92788238,1.187523039,51.37725394,24.75090835,42.38184246
27-03-2020,North,105.3410053,54.25774216,41.14308753,20.48188562,1.588331287,42.50134804,22.87678336,38.05626463
28-03-2020,West,117.7926159,58.14406581,40.01803506,22.7376991,0.501979555,33.82579152,27.06110347,43.71434415
29-03-2020,North,101.6456798,54.0348046,29.10657362,14.35824331,1.247785663,27.29800774,24.40806081,31.43629018
30-03-2020,West,121.3096075,42.23954163,51.08444602,26.31769505,1.222902908,23.61451285,34.0267723,48.24167284
31-03-2020,West,89.654231,54.00151407,42.95195368,27.15794453,0.958850527,24.14174072,27.93204505,83.32223615
01-04-2020,East,128.1869488,64.03942129,43.9488149,16.38609872,1.236182108,25.57385873,20.38292188,35.70988168
02-04-2020,West,145.9779625,59.32660455,31.93490371,20.96835009,1.280282205,47.20931233,22.61200024,67.9115773
03-04-2020,North,92.74322879,62.73751546,35.40779602,23.21139128,0.585411165,44.45025837,25.24096089,29.92491573
04-04-2020,North,91.08994957,49.94827199,38.23865802,17.27192922,1.524929952,35.97022712,31.49715608,44.77346368
05-04-2020,East,129.0676895,77.57576872,24.65875307,22.40806923,0.532371324,22.31509459,32.05552505,42.48223464
06-04-2020,East,131.5914429,42.35739995,23.11965675,20.81627813,0.659405116,37.14444741,23.0193264,85.59205761
07-04-2020,West,89.54279946,67.31340446,33.99252069,12.66040911,0.921463698,28.09106377,20.33182892,49.95874391
08-04-2020,West,91.59626366,77.72836639,45.22520766,22.29580658,1.577482154,12.77592449,19.69251179,68.33261606
09-04-2020,North,94.36430782,67.21362139,33.4686261,14.49928792,0.907523011,32.2968051,26.26214379,62.17239663
10-04-2020,North,73.11098978,56.96213659,29.81194802,24.69601426,0.990419833,23.26469567,36.51892155,29.87210527
11-04-2020,West,81.62696107,52.0755443,31.85314347,16.64394462,1.429623581,23.53557257,27.69547052,85.76783157
12-04-2020,North,79.91718466,75.54131477,35.44657577,19.19357283,0.909904557,27.99673605,17.03043737,44.21085043
13-04-2020,Central,84.6440487,38.65537612,36.46141037,26.86139457,0.646468986,26.01341622,21.36997948,23.1330849
14-04-2020,Central,99.30630225,45.44813609,61.65521452,22.48190823,0.874829549,29.72594545,21.88042899,41.03105948
15-04-2020,Central,104.6842947,54.03663352,50.54620628,14.6026304,1.41123755,29.3413556,20.8899874,43.49436081
16-04-2020,Central,131.0100099,78.56480636,50.24774112,14.92541715,1.021259499,14.99352726,23.06053088,26.49217292
17-04-2020,Central,80.03291919,65.69651454,51.68580364,17.00348606,1.579197478,42.16222391,26.84697431,63.39841845
18-04-2020,South,119.686448,45.47931362,30.01179131,21.97322042,1.221380478,22.13298622,28.40990585,44.27349439
19-04-2020,South,95.72022312,55.34538442,27.77635385,21.79149907,0.806557319,22.38081292,30.45881745,64.03942244
20-04-2020,East,99.01072581,50.78515284,28.93129708,15.78448848,1.015322891,27.37157399,27.62101287,20.47183945
21-04-2020,North,113.4963898,49.35316512,53.34506133,14.16395257,0.744034565,29.13332122,15.2292488,88.74338793
22-04-2020,South,77.54555957,74.68334338,34.52808211,21.40791703,0.799470091,41.67183853,19.71347706,31.9361451
23-04-2020,South,107.6481949,39.42385306,27.48643818,19.09069967,2.343725275,32.15538762,24.20952982,66.15316907
24-04-2020,Central,103.3290442,84.13171284,35.690038,30.78607944,1.305587353,34.53172387,25.73639928,70.10490123
25-04-2020,Central,109.8490253,72.42344535,37.61394468,20.18301828,1.258329397,32.1962895,29.3070918,32.01258448
26-04-2020,West,105.7833729,76.36292506,42.68413274,29.07126414,0.813045905,31.85169266,25.21592088,27.81985975
27-04-2020,East,149.1060028,53.05590732,42.50951021,14.14808201,1.47087522,32.47783602,25.25353627,30.68040343
28-04-2020,South,87.24520031,57.75088921,31.71819436,12.1339353,1.329824681,14.53812686,26.18898682,37.27727791
29-04-2020,Central,89.3800609,38.50272278,46.85656393,14.39957434,1.564486387,28.00065212,23.72489131,31.77624826
30-04-2020,East,87.53718947,52.13006389,33.60806466,25.94564891,1.549934245,39.29808888,25.4344257,67.17995989
01-05-2020,West,88.89045762,67.40482271,38.43723663,28.78050795,0.556273214,61.53864809,30.6291609,49.45832426
02-05-2020,Central,87.25225745,79.44094593,46.86774071,16.08910273,0.667048153,20.36552854,24.58044551,57.64541162
03-05-2020,West,123.7803306,43.39264775,33.58178596,17.69716985,0.698863655,33.38463968,24.84893637,23.31357522
04-05-2020,South,128.410085,54.51741095,34.30648576,14.15509545,0.716817807,25.43162738,24.83207298,80.28742742
05-05-2020,East,88.58507413,57.7305117,45.9166805,10.94180076,1.097035709,46.38121523,31.48886907,31.94000872
06-05-2020,East,83.35288854,39.06316197,31.42266823,23.59205849,0.829958964,19.16973791,19.45973337,45.2106632
07-05-2020,South,109.4283111,68.87023863,36.15207976,21.11510151,1.621779562,34.99951592,33.87923447,25.03311479
08-05-2020,West,88.95553911,49.14014502,45.55742178,20.05243991,1.571403965,18.7423112,19.11809073,29.57551943
09-05-2020,Central,112.6586364,57.06914473,60.54092441,12.99971731,0.998061522,27.45146666,21.72889869,66.6059587
10-05-2020,West,104.0584604,53.22075942,46.05404505,28.19978341,1.586597865,29.72549335,28.72369135,68.48109016
11-05-2020,West,69.6851177,48.15992241,44.72639763,17.48321631,1.446440388,38.55753345,30.15158348,67.38758392
12-05-2020,East,130.950104,59.89432522,45.30801584,22.66813212,0.864788032,21.38266539,17.98250492,58.64957515
13-05-2020,East,135.9175535,56.76585632,29.26809726,12.72719297,0.397235397,35.30706439,19.53649068,86.67651648
14-05-2020,Central,87.74422619,54.42213177,41.15596739,19.04737405,0.934609485,30.15022179,26.38921405,55.50240125
15-05-2020,North,92.2459688,49.07307567,39.70233512,21.45687228,0.806613361,32.18234709,36.72209694,51.45884205
16-05-2020,East,105.7173078,64.79287006,43.2158454,21.63537609,1.061951688,37.66666172,31.2313139,37.3281896
17-05-2020,East,106.6891358,84.80425903,41.16508052,20.77324272,1.026768486,19.73954646,23.75951475,26.91946705
18-05-2020,South,113.1708855,62.09830849,43.79699677,22.47261246,1.018905298,36.48475979,12.90435431,58.3708451
19-05-2020,North,140.2040908,74.94177322,36.88532805,14.34739772,1.157105422,25.44876118,25.40821367,42.04231307
20-05-2020,West,96.46105545,39.14667112,40.58608917,20.98686303,0.636243416,38.76698764,26.81148402,56.68177682
21-05-2020,West,84.03405511,62.36642159,27.72171434,20.56878842,1.123408083,32.67646108,23.08652429,34.42833548
22-05-2020,South,72.41361544,43.53947522,36.80092722,21.15836342,0.868115154,28.32377295,20.74638005,78.67208705
23-05-2020,South,85.3813992,37.84612609,53.90833548,20.36172609,1.05999466,25.27979225,25.7958263,89.97880468
24-05-2020,North,99.33746054,48.90942889,43.1880834,13.63393613,1.287222954,36.58635995,20.28869403,42.56824571
25-05-2020,West,135.8911573,77.87849002,39.79078963,13.41100124,0.632680068,40.08761348,34.3622433,78.96293251
26-05-2020,East,89.64777402,74.25023743,58.96123276,8.928659071,0.915611904,25.73718767,32.58372399,81.10902955
27-05-2020,West,104.475759,63.64507083,26.39165022,24.08767255,0.96443973,20.93594747,28.28956316,89.72516521
28-05-2020,East,99.67154208,37.0094916,28.90544445,24.13828755,0.845719309,35.55368834,25.44855285,43.99040908
29-05-2020,North,123.7678655,57.05579023,57.12711411,24.21775146,1.269948849,18.41175246,21.69917957,72.92289756
30-05-2020,West,150.5386485,64.52550013,40.45960936,21.53394981,0.783883492,19.5559005,24.89606408,36.01663025
31-05-2020,North,89.38262454,62.63304344,37.57416964,9.334403911,0.83337988,21.4983978,33.19648568,63.73572009
01-06-2020,East,90.21121115,32.34309625,28.00795675,14.86644754,0.78702426,26.67639614,29.34327029,69.33897986
02-06-2020,East,120.8832175,46.64523228,44.47696266,20.85207709,1.327616623,19.30934489,26.01846139,71.87844848
03-06-2020,North,113.6378298,59.03883354,45.4445987,20.67759001,0.852266766,14.48960072,29.61987167,34.5020518
04-06-2020,East,136.9341465,68.04436364,29.05505639,18.88625893,1.138013617,20.91644645,27.72805332,79.41078993
05-06-2020,Central,111.6785637,27.05808268,38.59724414,21.84458601,1.59271153,35.13979557,26.9813877,49.46803023
06-06-2020,East,92.81415818,57.56814037,36.64484168,20.05825854,0.977554474,19.82764742,29.90281629,35.14586624
07-06-2020,South,111.8130966,62.14573155,42.55977146,20.60385233,1.333618204,27.27784258,27.58513822,57.97717619
08-06-2020,East,122.1740716,72.74417983,28.80749758,16.80467334,1.501406225,45.5735877,29.29275735,80.43499907
09-06-2020,North,116.4096436,70.39286376,52.51947455,24.91005493,1.308157468,29.60660696,25.80693525,87.69615368
10-06-2020,Central,110.1454806,68.73856978,49.15823782,17.84614196,0.994959605,32.74024792,23.72937088,72.37454752
11-06-2020,East,121.3334938,48.0008924,36.36824441,13.34675458,1.192632328,22.43167985,22.25918561,20.39360204
12-06-2020,East,123.3859118,31.37996794,37.83581288,16.14500494,0.613786422,47.30779883,21.66345197,29.42905323
13-06-2020,West,127.6431798,54.10420864,38.6357785,18.25766904,0.765987053,25.66964409,16.97414779,25.33917905
14-06-2020,East,112.9741978,75.02447738,32.21691447,24.97001394,0.818597446,28.17516252,20.44030027,27.08496201
15-06-2020,South,96.65763839,80.90181791,35.56570582,19.78866001,1.672183636,40.53646942,20.29573235,46.81244692
16-06-2020,North,102.9342737,70.65823653,37.29729632,19.06925891,0.756224646,28.54612604,22.46327402,43.69453204
17-06-2020,West,124.1301793,66.44011234,56.12868371,13.75668288,0.751756975,30.38311026,32.81122105,27.95794869
18-06-2020,South,83.66128658,65.69459473,49.46618308,23.92741295,0.686823706,27.74649343,24.21219022,81.75647461
19-06-2020,West,107.3734662,51.6582188,49.34654707,16.74023923,1.167943529,27.80134098,26.20883445,63.07993034
20-06-2020,Central,92.13322375,58.0490956,43.69925613,19.49986071,1.042786418,32.96401609,26.36659822,75.75243163
21-06-2020,West,100.5748965,85.03604289,28.82672991,27.40091538,1.326027693,34.42354551,32.93790456,46.00845722
22-06-2020,East,125.5690373,45.86162991,39.58508895,22.54381666,1.2013779,24.85401255,22.12207273,48.71652114
23-06-2020,East,103.8219814,84.22168186,49.7048846,11.85872976,0.585883046,23.87135635,23.8873896,42.23348474
24-06-2020,West,100.928731,55.16957768,27.41735371,11.15244882,0.757816669,25.12691129,24.46900314,50.68986285
25-06-2020,West,72.80287718,79.88148164,46.36553207,19.67844775,1.409598624,18.78996789,30.68267428,62.72640836
26-06-2020,Central,114.9250713,38.89777486,63.22609225,13.93629693,0.939010527,17.27655793,31.72052847,54.50888055
27-06-2020,Central,112.9096836,68.78856302,50.61816646,23.24273374,1.356277545,32.37733718,27.3729191,78.65419043
28-06-2020,West,143.2650945,48.94844796,54.14029136,20.21131532,0.955095716,37.50876643,31.16454687,83.0097418
29-06-2020,South,93.8444353,38.77099212,42.1833875,20.82692385,0.709703072,36.96836235,25.88830498,52.87786974
30-06-2020,East,104.3830066,63.27801064,49.67931949,16.46628409,0.909021767,10.94406981,24.13698376,36.78235862
01-07-2020,Central,104.9876737,75.14207683,32.82146786,28.70691828,0.709585061,28.0394793,30.89362043,86.16346936
02-07-2020,West,131.5490656,47.32587842,47.95863812,34.21296864,0.830334171,21.18326436,27.43808838,71.45270501
03-07-2020,North,98.09408935,37.51476059,46.54388134,18.60707638,1.060277712,31.1498995,21.32234667,64.80889602
04-07-2020,Central,105.5804305,58.62232853,42.89911174,21.76519624,1.153481527,26.65741185,29.98710469,72.17896135
05-07-2020,North,112.1579302,58.68847007,53.1600742,20.48708672,0.522942603,34.73529525,23.95753684,25.31872477
06-07-2020,South,103.7321825,68.22479441,34.61215162,18.70156568,0.994789598,29.84677528,23.34588239,24.73384293
07-07-2020,South,91.07132771,74.24391857,38.12942484,15.83964766,0.824015279,14.83198484,29.46502184,30.71844568
08-07-2020,East,103.8817999,59.10877228,40.95462041,14.57516006,0.805475557,22.26331302,24.5558393,30.32156772
09-07-2020,North,121.472635,87.83254972,29.70389029,14.32201367,1.039805386,30.04628092,26.94479268,49.44693324
10-07-2020,Central,79.46969401,63.36352117,42.26931944,22.02620013,0.834864438,30.72088343,28.30969792,31.01828576
11-07-2020,Central,102.6593935,54.80360241,22.81069587,17.40162761,1.414641398,18.75458554,21.0852846,79.8167951
12-07-2020,South,85.9975837,35.82648961,50.46954534,7.108535749,1.356418563,17.70832237,26.92425282,60.46678516
13-07-2020,North,123.9009326,56.0601072,40.46637367,22.2242911,1.354548488,30.4499627,31.74736553,45.77833274
14-07-2020,Central,69.5362619,54.95419582,34.79107096,19.80869359,0.851526941,18.77066155,20.21766428,24.87357768
15-07-2020,South,88.82156305,74.40457194,31.65626388,26.73336501,0.71125035,16.65096459,27.24954444,61.37194572
16-07-2020,Central,107.5442375,66.93725436,37.6542097,21.86561199,1.024608979,26.4388759,20.85266133,28.15729744
17-07-2020,South,131.3104806,42.30946318,46.88259711,12.60663202,0.95489549,26.09243127,30.10698842,72.02541753
18-07-2020,West,98.68499478,62.5838158,45.47738979,8.851616796,0.817353051,22.97279618,30.05952792,76.19306677
19-07-2020,North,88.89600947,70.07296758,32.94462053,16.40263808,0.647279666,24.37010435,23.2283883,58.07833806
20-07-2020,North,137.6231414,82.92047039,31.53960327,16.8744629,0.987544609,30.11068579,36.04814326,30.47220014
21-07-2020,Central,71.03972199,73.31255951,46.56898706,24.71579601,0.878779165,24.23869677,30.53312655,75.08039066
22-07-2020,East,56.02388087,71.41269981,32.77652595,19.95564534,1.206504111,30.56557617,28.53464493,41.54794525
23-07-2020,East,108.800289,60.90128992,40.59909774,25.66844249,1.199531815,26.95625171,28.25305448,35.58571999
24-07-2020,Central,89.95891551,65.82468008,41.23754643,13.37583472,1.330239942,31.34120124,29.91963455,52.93896487
25-07-2020,North,79.57534366,78.74257351,43.12062132,24.82632192,0.622211334,37.02564452,20.02178796,84.5852369
26-07-2020,East,114.1671289,40.00833904,48.5827043,23.60494577,1.120317492,36.71398276,25.97303799,40.81613045
27-07-2020,East,104.8760143,54.75841009,27.37037063,9.908829443,0.781760288,40.30568377,26.91595193,83.39049507
28-07-2020,South,88.71842739,48.41146877,20.88840675,26.61308921,0.633875737,36.70517518,22.99931968,23.75573161
29-07-2020,North,74.39391203,65.68729678,34.32552719,20.46729246,0.871419329,31.90846025,27.32397635,25.84665935
30-07-2020,East,117.4491466,78.45333263,58.01528408,21.96022252,1.320611494,26.5325469,31.1584715,68.89927176
31-07-2020,North,113.0040236,51.0453857,60.221741,15.67551944,0.888304494,26.89791262,22.89115456,33.3414863
01-08-2020,North,98.01648272,24.14543449,58.31177136,26.37623506,1.469636398,22.97778155,24.7278785,42.16344782
02-08-2020,East,136.9327399,53.81668882,38.07018632,14.07073835,1.164663555,30.03623433,20.89707352,29.54610867
03-08-2020,North,78.59830467,73.70210598,22.17884918,24.16046009,0.881772856,35.57909983,16.06505495,43.25737884
04-08-2020,West,69.48949658,68.06444854,16.56960898,24.10303738,1.348014529,24.19465918,28.8946609,39.63219957
05-08-2020,South,86.1618386,66.42279372,33.85961838,15.12916286,1.133619032,29.70225713,24.87133103,71.54363473
06-08-2020,North,99.08827967,55.80010047,38.0192637,29.916868,0.720232183,24.58110217,25.23789709,69.14163717
07-08-2020,South,104.866789,40.81453896,53.00625401,21.1576424,1.557640791,31.67483464,20.06613191,86.84490235
08-08-2020,South,95.17527884,67.72941482,48.6780546,23.26946305,1.077843647,25.60493293,24.07248235,70.70951796
09-08-2020,East,107.0411079,47.48577285,42.27405079,12.36439602,1.005638858,24.08391543,30.48296895,68.63724271
10-08-2020,South,74.96921152,92.761451,31.10155229,30.58865002,0.743340199,24.56026644,25.00410668,68.59427223
11-08-2020,East,128.8752921,68.55760813,30.39220442,13.8772153,1.35386148,34.02663019,25.14591879,81.8077219
12-08-2020,East,98.35697643,51.29027546,42.54127687,25.12443216,1.155182628,29.22600476,26.03764139,40.7365713
13-08-2020,North,122.3459166,50.82922129,46.97050979,15.02614141,1.188771454,26.57262616,18.81808936,41.00644764
14-08-2020,Central,106.8545069,58.6058369,43.91881262,16.90505599,0.847740597,32.09123602,28.12460232,71.88496668
15-08-2020,North,109.1350644,56.40747117,29.6540204,23.94377022,1.250230172,26.68387026,18.72400943,36.0093596
16-08-2020,West,111.3953456,76.75250663,46.50667629,25.13776357,1.273544078,39.01214315,20.30192209,83.84140029
17-08-2020,South,108.9541712,62.79624255,44.25910967,13.64357875,0.799366528,22.20907077,19.75392615,57.43472076
18-08-2020,West,112.8544552,49.02552392,29.29333594,25.45236085,0.574902958,28.5042279,24.12387517,41.00874497
19-08-2020,South,126.5830506,88.35661028,32.1567903,25.22490248,1.174411918,18.76187823,23.23773648,74.32699508
20-08-2020,North,103.9304234,60.73962497,46.88495975,15.31023296,0.527995915,27.22500486,24.99387481,41.86244409
21-08-2020,West,114.1800752,71.53259514,37.65492465,27.99323797,1.045604733,16.56291602,20.4737192,87.4294822
22-08-2020,Central,98.20528611,50.87660239,55.89147302,12.71571186,0.865826469,35.97053218,30.0274766,88.80924468
23-08-2020,Central,128.8023443,65.44673442,45.01129276,16.87613709,1.365599563,36.13203014,29.17013784,66.67573694
24-08-2020,North,86.47215396,64.66664987,35.13368812,22.39501312,0.882146833,36.27336139,24.13093244,27.95437228
25-08-2020,East,136.0188087,31.65526062,39.897944,15.73216858,1.332181892,30.23097984,22.60816642,38.4246195
26-08-2020,East,99.19684099,90.22912666,40.63383393,21.31909543,0.845737167,22.96103676,22.10321253,56.07918736
27-08-2020,South,71.38449796,79.35966691,32.71609687,21.20538039,1.299997302,23.59727494,23.44927502,79.60132151
28-08-2020,East,102.5620883,54.04207026,30.87411802,19.06462865,1.618102463,42.24137644,17.99877386,32.94205479
29-08-2020,Central,86.37896685,43.46595389,47.01389894,24.16200269,0.679585858,41.48541683,20.20196344,27.30824213
30-08-2020,East,116.812871,65.21342421,48.45273297,18.85819604,1.087610717,30.98044126,29.30060196,25.21342382
31-08-2020,North,86.94752041,61.30046549,46.0378147,21.15770534,1.824634725,25.87492773,26.50906243,55.48772937
01-09-2020,South,91.07633134,65.33503423,55.15318094,25.73235939,1.019976648,40.94898738,33.17137243,81.92906787
02-09-2020,South,62.20918538,62.87366094,34.58226764,23.95343105,1.018536481,24.44397471,23.50402425,22.96514699
03-09-2020,Central,90.95387362,67.59361484,56.74270766,23.93008645,1.236549684,31.83079366,23.19243386,34.86250738
04-09-2020,North,51.52241347,81.70958549,30.99078881,14.25410199,1.012324259,40.81565844,22.96050538,68.52799111
05-09-2020,West,68.32194353,68.52154808,29.87314437,22.62396288,0.487832202,23.309292,23.40417758,77.81044046
06-09-2020,Central,115.2082931,44.25516752,22.40041118,15.60750605,1.339686212,36.63378869,21.70022993,76.51796705
07-09-2020,West,115.7160032,80.43844279,35.54204686,13.5929251,0.399115476,34.16448637,26.35494107,74.95476401
08-09-2020,North,108.5091512,84.60921845,34.96277663,19.64146827,0.874962505,29.68386766,25.14552034,29.08598606
09-09-2020,West,80.66047714,107.280851,45.2593728,15.47852407,1.362227725,22.05253121,22.45042749,47.80663075
10-09-2020,North,99.04577288,43.1475895,42.43890942,23.95308859,0.893037271,24.20448192,31.25574457,88.9321264
11-09-2020,North,99.92794922,63.6432302,28.07026629,24.0726773,0.791891052,32.31560858,34.48291461,89.22213001
12-09-2020,West,76.83270622,28.76851945,36.07273762,10.48686882,1.263779172,18.61330564,30.83288603,62.16991744
13-09-2020,North,130.067966,68.29723735,36.28537979,15.8584873,0.744665564,31.04595087,27.79062007,69.64870433
14-09-2020,East,117.5472458,51.77699553,22.24017753,12.70106664,0.633332284,34.32840787,28.80884863,86.58986574
15-09-2020,West,95.58071652,88.85168692,30.19053273,17.68685362,1.082354196,37.88176138,34.28207759,51.49495029
16-09-2020,North,100.5377168,48.38077545,32.29186369,22.27587835,0.94512301,18.8131434,28.80159658,29.58068005
17-09-2020,South,104.1676562,34.66225443,54.3362502,18.78855951,0.626898066,40.52997838,22.07407074,66.82642129
18-09-2020,Central,59.16530263,52.93104389,41.91450716,17.0512038,1.191085762,43.56290795,26.96136263,87.20716134
19-09-2020,Central,95.05645235,30.36768343,46.62168754,26.50088263,1.139346282,33.28121254,28.13122133,68.80442657
20-09-2020,West,86.36031504,71.26649182,25.01364503,8.475714137,0.892073495,21.69561135,20.02641363,76.23247889
21-09-2020,East,79.9675998,29.02375431,51.94214483,26.18435947,0.912600398,27.37512569,23.57534591,49.59241628
22-09-2020,East,94.37799414,60.42686372,53.01102063,17.27855853,1.141117823,29.61922204,30.50195912,26.75242079
23-09-2020,West,135.9537305,28.8328227,20.01655033,19.60945495,1.357108426,32.16370807,15.88253632,31.82174606
24-09-2020,West,112.8168572,55.19553293,32.94683276,17.36318331,0.915162037,30.17585242,18.74785727,88.78583806
25-09-2020,North,88.5764202,84.65067234,44.95765573,27.71444053,1.196406548,32.24932114,24.11796473,54.52290219
26-09-2020,North,111.4516556,65.40971837,46.44388454,13.84510752,1.169560065,29.27402594,26.76839798,20.84144131
27-09-2020,South,127.9871087,47.04759593,33.2150527,20.05868185,1.263792188,32.12085676,18.21183778,86.87570965
28-09-2020,East,118.4926737,59.53194767,36.94500537,22.63719326,1.01179276,26.31581263,24.36605374,54.84459384
29-09-2020,Central,101.1926074,60.27025308,34.02618939,11.94498616,0.726302346,27.29450626,30.7688427,78.53878788
30-09-2020,East,87.06126445,67.08945519,41.10418047,15.40050915,0.861250254,25.39179864,25.34325729,58.39206994
01-10-2020,Central,113.9644663,39.49712455,51.97178531,19.25910733,1.10285604,45.33807628,29.69544472,27.11915986
02-10-2020,East,107.8697077,68.88850911,32.28957843,15.56667483,1.545539314,41.71120629,22.03942939,63.08987075
03-10-2020,South,117.9038644,19.43412553,50.00820498,15.92204114,0.854794113,34.44235352,20.95041572,89.81801934
04-10-2020,East,112.703436,50.55173171,32.18327928,18.25068668,1.241436233,40.60247198,29.24436915,22.43164479
05-10-2020,West,120.9910543,52.67589236,31.52372788,23.24790666,0.901583065,36.38769071,26.84632767,78.92559383
06-10-2020,Central,89.29529577,69.49990239,48.18594618,18.28641112,1.033140627,31.45016928,19.07201996,36.4836557
07-10-2020,Central,126.3478813,60.33946279,49.21936378,25.39213097,1.454619025,17.95542927,20.99579542,47.57063559
08-10-2020,Central,103.9519921,38.91655419,48.51409937,15.01121109,1.229287774,27.90268864,32.82290621,46.08966582
09-10-2020,North,141.5052175,45.22510311,26.84202592,13.7403887,0.627610218,27.31969686,20.3772239,82.9158036
10-10-2020,North,86.21624364,62.98020014,35.34049022,29.63172703,0.828257493,20.93539862,29.67164373,55.31403322
11-10-2020,East,134.7192761,58.81398987,48.22988592,16.71020936,1.376866403,18.1107018,22.60906651,51.30220008
12-10-2020,Central,103.9582157,51.31313836,40.41541841,13.44543996,1.042563413,33.94175477,24.98412072,77.26175762
13-10-2020,East,86.97163993,52.78749316,29.26307154,11.28973029,0.655347964,32.59603458,26.4729631,23.4234994
14-10-2020,North,90.32228332,70.44251996,44.58317939,25.37551727,0.754314267,20.66082416,14.49509395,26.05194206
15-10-2020,Central,93.59305384,52.23461141,32.85192741,18.29347743,1.211048057,24.03297195,17.68641332,21.51821998
16-10-2020,South,108.4833189,58.67863134,57.94524848,18.73145132,1.298323084,39.28977819,25.43166509,68.15880328
17-10-2020,East,110.4567098,92.54904882,55.44841462,19.20399144,1.00535659,22.97842789,21.37846218,56.7931296
18-10-2020,South,88.52599992,38.64476045,46.04097426,25.06471442,1.74259414,31.36639123,29.98290648,81.32154881
19-10-2020,North,99.51290815,32.22235903,53.61006705,19.10235083,1.247245709,28.4817736,16.9693956,54.89730321
20-10-2020,East,142.8454072,71.75384497,40.6479135,31.72026889,0.926955679,34.05090777,27.82627528,35.52737009
21-10-2020,North,134.5508634,49.82035408,47.65437494,20.66880287,0.755288186,23.15113878,18.1188939,76.36031612
22-10-2020,East,108.7264734,55.22643708,54.77720295,25.30892383,0.707534709,30.72066782,23.23947503,40.6026698
23-10-2020,South,100.7600696,48.28265433,42.45498682,24.02619929,1.100626396,31.34978062,19.67811118,85.49828475
24-10-2020,West,102.4006265,56.10299789,37.44812828,19.8177634,0.853366887,31.84144645,34.5121494,37.52967215
25-10-2020,East,112.2703595,83.97807168,22.95378042,17.06514507,1.502123126,30.63259086,18.30253919,31.7404457
26-10-2020,Central,79.5441487,72.03192688,39.16866474,21.65981964,1.439893541,32.75687456,24.38970152,54.53267941
27-10-2020,South,94.85246925,72.93335268,48.23423185,22.55049366,1.189919964,47.53416266,16.36581926,23.53605826
28-10-2020,Central,66.62831852,38.75659416,49.45633428,17.13706976,0.646301148,50.49038221,32.99785061,22.54882099
29-10-2020,South,107.9844625,42.73269395,45.04365066,20.83169433,0.798334338,24.88627087,27.00641208,54.72101817
30-10-2020,South,112.9439188,17.41382011,34.58700905,26.18102489,1.376703258,11.45405616,25.68486545,35.05748166
31-10-2020,Central,90.33627075,47.85928768,20.23178431,30.3497387,0.83108014,34.76396241,32.3715647,20.65468469
01-11-2020,South,131.4797353,74.3505478,35.04784902,24.2718466,1.33664252,31.49001968,25.73711221,40.7239838
02-11-2020,West,75.48468674,67.75419774,36.95655129,29.31379843,1.142381177,38.48833487,26.09785678,53.41571477
03-11-2020,Central,70.7125024,56.67730106,36.87071033,16.85312894,1.015515365,32.2790872,25.65862644,47.6002091
04-11-2020,South,104.4890364,59.66549574,46.18556357,23.50941126,0.789150156,30.46883152,27.81817163,29.48286263
05-11-2020,East,120.9419661,49.66671686,59.85676411,26.69259754,0.971726847,39.03125277,22.53779308,60.57723795
06-11-2020,East,133.6785538,63.07138324,41.23529202,15.51833334,1.056894386,40.15024471,23.92856346,69.72330938
07-11-2020,East,90.82231474,71.48817419,37.83268211,17.57204944,1.309761669,18.90751953,29.05167314,67.28774135
08-11-2020,North,121.5736167,35.76169819,37.40778187,28.68952381,0.73427932,23.4671505,26.38686476,47.56333449
09-11-2020,West,99.22983061,64.49471532,41.24384767,15.12450572,0.921154947,29.15525633,24.42878043,29.63173058
10-11-2020,South,96.547454,73.98652306,31.7170624,13.29434984,1.01344694,30.78750099,17.99738804,54.96407414
11-11-2020,East,117.6731987,53.77349567,41.20198559,27.63990787,1.198803507,28.19213437,32.49025142,82.33022285
12-11-2020,Central,113.0464576,70.51050918,44.50812336,25.98381612,0.727460699,33.47365742,21.69272945,52.81059943
13-11-2020,North,68.47215686,102.2198167,42.09686064,22.16060122,0.605029062,37.96883831,29.93618619,33.69767348
14-11-2020,East,129.530807,58.43485811,44.57541934,19.77144623,1.202189546,43.78167769,25.87876826,26.51373122
15-11-2020,North,127.6018271,65.89960575,44.33747609,17.80737747,0.544615266,34.63130419,18.53274739,86.07486467
16-11-2020,West,87.48874597,48.92914375,22.28103318,21.40974437,1.385493914,23.18133057,31.26137739,72.01065862
17-11-2020,East,107.9160707,62.71876744,46.36870158,27.89903479,0.953222171,28.8209902,26.27270323,41.90768809
18-11-2020,Central,109.8806037,66.90407437,33.28985154,21.19283063,0.535740675,29.39718207,31.67672678,40.67466843
19-11-2020,West,105.2134753,62.9226351,29.04160837,30.83479634,0.855873934,34.11712192,24.0879565,82.66529407
20-11-2020,East,88.99389692,44.7045702,28.95548172,15.51029007,1.11373709,33.10534427,28.52025615,32.42977644
21-11-2020,South,86.56753264,63.09542657,44.3354161,19.90159623,0.840189674,46.40317321,16.18736444,57.45261028
22-11-2020,Central,99.48891858,81.93293908,37.77425073,18.13470666,1.006008925,26.30789492,22.49892068,69.94529926
23-11-2020,North,123.4545804,66.72953647,23.18031216,14.57429228,1.22202351,33.07800427,18.63503334,47.74732464
24-11-2020,East,110.8720031,74.42980784,44.78037815,19.23458133,0.939342899,48.83769118,23.12608075,22.79316398
25-11-2020,West,92.58771336,56.44482045,25.60391869,22.08664651,0.718882697,25.31834482,27.3590587,35.94311696
26-11-2020,East,115.4339742,71.24850359,41.39821359,22.6211509,0.910304801,31.16118957,21.97709956,83.12656962
27-11-2020,North,43.02914759,64.18901757,42.38498926,30.85226089,1.424452041,22.44095599,29.31921047,56.61832768
28-11-2020,East,122.975314,45.73633905,48.85577082,22.32233735,1.505519304,30.6566952,20.71693678,77.08088725
29-11-2020,West,65.20572442,64.77781507,57.81684786,25.75068402,0.394022148,23.75826281,29.42618307,58.897988
30-11-2020,South,92.75118117,45.12455005,26.35323674,20.33047123,1.327308373,38.37440723,31.54878583,86.0521467
01-12-2020,North,77.60660211,50.50679588,39.47526144,28.390278,1.075044315,31.17855087,30.06763068,83.63938529
02-12-2020,North,74.10637049,62.83992461,37.23664705,31.99224643,1.277194804,22.51682192,23.27905474,53.80216294
03-12-2020,Central,123.2165357,64.4586641,44.33749686,22.65542565,0.834853522,36.72454158,14.37273201,42.27918178
04-12-2020,Central,90.64597597,42.16151302,42.15668771,15.03670492,0.469520947,31.43732831,27.91083498,62.11681511
05-12-2020,West,106.9300776,75.80978657,36.47453757,17.25597489,1.175346637,37.62255022,24.37382643,67.24213772
06-12-2020,North,99.06158842,68.58009417,35.59097811,21.40967152,0.717706822,20.81869898,20.1080353,54.88485646
07-12-2020,South,109.5408165,49.42907347,28.83549145,22.28249018,0.583512271,32.9505953,22.21860468,77.55982548
08-12-2020,West,101.5364378,36.93622805,49.87861582,23.49212567,0.604479585,36.18673356,32.17212658,32.83299652
09-12-2020,Central,74.34015552,57.82643131,44.59204182,22.30098841,1.180274135,26.61298008,19.313299,43.40882814
10-12-2020,Central,119.9253364,53.31084429,49.17768198,20.03492458,1.04183574,19.92797818,27.34154588,68.04634502
11-12-2020,West,90.12486834,61.69710686,36.89603864,16.81900779,1.234739807,29.66714004,26.08979088,37.26787058
12-12-2020,Central,68.86836203,54.55325008,33.43164531,22.00569131,1.200722576,39.82492235,23.21306168,50.78913213
13-12-2020,East,91.43769678,29.88814709,29.21684933,29.27493679,0.873719931,39.00744265,28.22266344,87.46134826
14-12-2020,East,130.0151958,54.17479593,43.58917584,25.09964303,0.978857928,26.57257252,33.16122629,63.81131809
15-12-2020,East,117.0044348,55.41571333,29.60206775,22.67351975,0.846568741,19.73531651,23.52014248,86.43400642
16-12-2020,West,93.02695731,69.50491537,58.48663069,25.14783462,0.936901668,26.55056224,23.78409526,70.57089823
17-12-2020,North,93.01484591,49.52700488,26.92357419,18.14467986,0.709823579,26.25217879,28.11032452,70.72667388
18-12-2020,West,93.56729898,85.1801201,42.73660119,17.45867427,1.117145288,33.57157427,29.59121411,61.43000216
19-12-2020,West,141.5349597,31.32539174,55.66854707,16.26107448,1.322536225,29.15998798,24.36146396,29.95460164
20-12-2020,Central,107.638709,79.66751247,45.99089759,19.37356689,0.755016091,23.97388631,23.47313132,56.38000036
21-12-2020,East,108.6008329,56.63521544,41.75673712,17.88997052,1.384380894,38.83410454,13.9117674,37.68663404
22-12-2020,South,120.6056691,72.89377309,30.31516353,26.0413737,1.034056449,31.12340694,21.10995544,89.9070788
23-12-2020,North,104.7757832,61.19702226,26.18230811,17.62338291,1.072323693,33.48332522,19.30344164,38.68733581
24-12-2020,West,94.81915708,77.09333304,47.70050109,15.98639142,0.490171144,16.20011653,28.42312498,36.14800904
25-12-2020,West,96.07300302,54.18957053,55.06147241,29.71288589,0.457821307,10.60588103,23.78048526,63.67182086
26-12-2020,West,98.56797481,43.52069362,35.6115001,17.74312384,1.043234909,18.49963375,23.58489197,55.76641693
27-12-2020,North,99.25555527,81.30756431,28.60938492,20.76764229,1.236919637,26.1556526,24.95471868,21.49470393
28-12-2020,East,114.5525909,58.29779031,15.41830569,22.25661412,0.798585867,34.61084814,20.64911765,29.06732253
29-12-2020,East,101.0389177,63.3233771,30.19235156,14.31653441,1.50102817,11.26202504,32.76623593,76.77300593
30-12-2020,East,114.6528015,78.52127871,38.86343158,26.17741885,1.220480792,42.74281651,31.49096956,53.85843686
31-12-2020,East,98.3856684,44.52067137,55.99123241,23.1855952,0.727497624,31.36452821,33.09053392,30.22106504
01-01-2021,East,101.5727038,68.93236346,46.73133692,27.79192006,1.0092546,40.88235994,28.41708616,52.5669794
02-01-2021,South,60.03598631,51.15157865,43.05085405,16.60389031,1.74307874,22.91223934,24.85260942,37.72043582
03-01-2021,West,118.3265535,58.01745967,35.99880339,20.49562896,0.627230799,34.03087947,33.07364652,35.65140228
04-01-2021,North,106.9297695,61.08418448,34.16834283,20.19677877,1.158480982,30.68156744,21.59516582,87.04076935
05-01-2021,Central,119.9602022,37.49667208,54.05647598,21.31944247,0.903176634,36.5414905,20.6439551,45.34171688
06-01-2021,North,42.07489244,48.31744436,42.00738541,12.72692626,1.212068887,28.12966906,21.99244243,23.25017733
07-01-2021,Central,141.7674941,80.26609339,18.97399308,20.55418189,1.380182094,33.78572167,27.61435633,87.92286708
08-01-2021,East,97.20820744,73.29286783,33.26460352,12.86768044,0.884128873,38.81756255,21.18947403,75.63877023
09-01-2021,North,122.1636563,59.06040634,31.41783968,21.79167036,1.335673682,24.79058965,24.22313506,37.80893146
10-01-2021,West,79.20188146,63.64685188,34.53735991,9.356754377,1.666361018,31.93795386,16.99072353,48.62242843
11-01-2021,West,112.2554781,55.58636242,45.6291066,10.74206583,1.019882421,14.8971021,27.40548833,80.36027022
12-01-2021,East,78.93168874,80.34875079,38.92555118,24.09274358,1.235466606,35.62002415,17.41448316,45.01894635
13-01-2021,North,87.52462079,56.99471133,39.23134593,17.26580772,0.822867769,45.63730035,20.33919473,59.71828294
14-01-2021,South,138.2806271,63.47763138,53.13473161,15.06070963,1.005777793,20.04451162,31.08583567,57.43998088
15-01-2021,South,96.18635198,77.19045216,33.0353891,26.35422811,0.946997472,29.26894992,30.90159158,48.0906184
16-01-2021,West,104.3486575,48.33942773,58.64199526,21.63813109,1.239080778,37.04385041,26.87156545,64.76513313
17-01-2021,North,117.4013546,83.38183777,33.28692409,24.36045098,1.361402781,30.25133979,26.37831791,53.13035161
18-01-2021,Central,109.9136378,37.04307885,40.89198197,19.16878964,0.967103545,31.32079641,22.34520176,21.48613442
19-01-2021,West,103.0083781,84.44463197,37.18796405,33.39814347,1.460086854,26.87200447,21.13548168,77.00681754
20-01-2021,Central,107.29922,54.40986624,41.23419134,16.9774307,1.459014232,26.57478198,23.18879151,27.92090479
21-01-2021,Central,148.0683117,56.35951878,44.44591995,28.72247775,1.254056123,29.30644677,17.43172913,52.48629516
22-01-2021,East,98.84762406,31.64984743,44.3383524,19.6931698,0.84519204,30.33337138,26.26224277,60.59305536
23-01-2021,Central,104.0219809,53.17807924,32.46882669,11.72744803,0.816451355,20.54846991,25.24415562,69.38542379
24-01-2021,North,121.0130879,44.40290203,28.77085323,22.41424373,0.756285594,29.47182411,20.33289367,48.75575747
25-01-2021,East,122.1105187,50.88530482,65.03171791,21.57381281,1.284749821,42.54827151,32.84340959,71.48839409
26-01-2021,Central,123.7406061,57.94033551,35.1601566,14.74339093,0.636469538,26.64692965,28.03456855,29.19450593
27-01-2021,Central,112.7746044,74.36687422,46.99212439,15.38890361,1.203051296,20.10196014,28.45920902,65.74118838
28-01-2021,West,77.13990175,63.11405027,23.92358689,19.87651178,0.675667196,28.78867146,22.56330037,77.84372493
29-01-2021,North,132.6686306,64.6151498,37.2038728,21.74873908,1.247063836,24.2830975,24.99334961,82.2610781
30-01-2021,North,77.07309214,43.56720917,38.72800616,7.646683586,1.005165875,19.2932654,28.13686335,60.56965472
31-01-2021,West,106.0527093,46.78868866,44.7281507,25.26560726,1.400091569,31.11334769,25.76391184,41.90266387
01-02-2021,South,84.914483,86.98087528,12.77545859,17.52751013,1.342436373,24.3177437,33.00950392,31.43495582
02-02-2021,West,98.71723307,48.97198448,41.66140613,13.34126258,1.430519624,25.00228667,23.98106215,44.1891127
03-02-2021,West,106.5752482,84.84312378,28.50258545,24.70533276,1.438245615,31.22741904,22.47719734,57.79820612
04-02-2021,East,106.4271443,56.35408202,43.24345711,19.8819101,1.04308925,17.73460324,28.17126438,33.74311568
05-02-2021,South,108.4384151,60.03431904,29.63670803,26.08082888,0.65236208,16.0674428,18.67676364,86.6760434
06-02-2021,Central,132.2742254,76.0554774,31.44517304,22.18976131,0.684243084,35.36697756,29.62148466,82.79948002
07-02-2021,South,109.070686,79.07838633,37.2637239,19.99242749,0.373945441,14.55333119,18.496441,22.30700364
08-02-2021,Central,95.11686729,58.3378116,29.4767053,19.23635028,0.67490025,22.18657844,28.19292333,59.33732588
09-02-2021,North,119.2817434,54.1763542,35.24465553,22.4135638,1.020647097,15.60128372,21.75863223,75.25161532
10-02-2021,West,123.7894098,59.16119327,28.06624231,17.93234371,0.832103746,26.11090827,27.38292073,37.1774372
11-02-2021,Central,75.4478437,65.06936292,21.66829548,15.73713706,0.945959319,33.42446998,29.53671473,56.67273627
12-02-2021,East,111.9480014,73.3695553,50.17957052,23.04954561,1.147814626,30.89870359,25.76710598,48.41943177
13-02-2021,East,114.0234548,60.06344788,27.03951307,19.27756079,0.908780423,49.13498712,19.00189524,33.7582385
14-02-2021,East,94.04872993,69.28329447,38.21319112,20.16783824,0.66345136,38.69532494,20.51612378,63.03161687
15-02-2021,East,127.5141363,84.57539598,47.52891081,25.44689918,0.9840299,22.5507372,21.35670429,89.55845228
16-02-2021,West,96.99888826,65.71964418,33.85055897,19.43061696,0.730452854,20.42355996,15.52496553,45.57010822
17-02-2021,East,102.5115291,64.67479284,31.748341,20.07516963,0.918764051,51.65350353,30.63738929,58.66653058
18-02-2021,Central,96.53856351,37.21633762,42.26238089,17.00175244,1.402833089,38.50057605,25.55053793,42.94982771
19-02-2021,South,100.311581,20.53904795,51.17933823,22.15369967,0.918848409,34.71495686,19.32240977,81.38640318
20-02-2021,North,78.07449826,65.82563594,28.30684735,21.74913956,1.531287266,30.5988145,32.27837429,80.52218903
21-02-2021,East,71.19898235,58.57763653,38.49852168,24.50387566,1.429490796,32.18817254,21.4933595,32.51413716
22-02-2021,West,131.8901013,52.27825988,22.67505405,17.10435581,0.826208407,18.1434138,26.25286245,82.9964212
23-02-2021,North,83.06077303,63.65295306,36.06798996,17.71091515,0.66666287,31.25631336,20.87364727,30.60560977
24-02-2021,South,80.17215301,59.09394406,40.34204685,23.960687,0.984233751,30.56985118,14.90869923,26.68079717
25-02-2021,South,56.93219773,76.91670376,31.45375358,21.26106502,1.345998329,22.76688926,18.17779721,65.7054231
26-02-2021,South,87.22076505,61.29166302,35.43008166,15.46890937,0.852942728,25.69178837,22.75754785,47.01328741
27-02-2021,Central,73.53820413,48.79615072,25.91773232,26.53277034,1.272427089,42.12141115,29.49148436,57.15184154
28-02-2021,East,132.8403032,74.85249358,40.77078611,11.50774716,1.362531997,28.99860064,26.73266573,65.67995474
01-03-2021,West,120.1963418,56.74303388,50.55694249,23.92142377,0.767792305,46.56937042,25.70102563,23.69860665
02-03-2021,South,86.2369931,67.89805026,29.0285613,13.67393982,0.797184674,16.07456451,14.94986189,40.50672198
03-03-2021,Central,145.0487161,52.83883941,33.77328233,29.42894258,1.21379861,25.82295851,31.35043074,52.26344182
04-03-2021,North,119.6353097,50.25259672,45.02546246,12.27700137,1.045554265,17.62177159,26.11839848,38.66111869
05-03-2021,South,93.50337233,61.26252345,52.12090719,25.76125326,0.794181542,20.32462037,24.40291165,23.4279969
06-03-2021,West,50.0118857,60.19242965,25.06810188,19.5918282,0.894345866,23.37435435,30.66211555,26.06736013
07-03-2021,East,145.8188515,67.19740553,38.31215263,18.16698715,0.978844134,32.52247701,31.23748362,76.12235081
08-03-2021,Central,72.20855066,55.9703137,42.83130822,20.92698328,0.530543673,32.13460937,30.77295124,83.79707314
09-03-2021,South,67.09202506,32.45460324,38.97943609,23.1595017,1.229692932,24.56567744,23.76456752,30.65633117
10-03-2021,Central,120.4514086,53.50839175,15.23207933,15.47799749,0.856392343,12.17760354,19.9826172,37.44833701
11-03-2021,North,148.7950481,71.90727701,45.01090009,15.92106137,0.164885133,41.82154298,29.94461459,65.65745833
12-03-2021,East,127.6854564,55.53935881,55.19336351,23.24802433,0.99283871,27.71388227,18.17472778,86.79902433
13-03-2021,North,111.2781824,56.30424896,41.16661751,11.46328523,0.777528622,21.06967864,34.73628369,40.97127964
14-03-2021,Central,111.8950868,74.79564759,29.68893947,17.07885453,1.506646658,32.19944625,25.13999773,79.86495384
15-03-2021,North,117.0683112,49.32040159,34.86872754,35.20343477,0.824366494,31.63556136,19.69557872,55.42172511
16-03-2021,North,115.1785718,36.85795173,57.69913068,15.15993518,0.670706991,27.41858828,18.84065723,86.95910474
17-03-2021,South,105.6238285,57.59053321,49.09962541,25.73901396,1.152379801,31.18824813,18.61197588,29.53810637
18-03-2021,West,102.0840221,52.73739073,46.40026618,17.07024616,0.80186579,20.75976128,25.70181453,88.15706787
19-03-2021,North,98.74813744,45.5063052,43.56412584,22.54522572,0.76616314,36.07930275,24.9680384,50.86850395
20-03-2021,South,84.92070822,57.36932316,33.38862888,23.27177845,1.152850415,22.02506324,18.82038913,86.70568733
21-03-2021,Central,94.38649846,67.37258471,37.99428819,25.64478368,0.687859808,25.15544276,23.21772107,52.10831519
22-03-2021,North,66.14086372,59.86067158,39.22077264,18.99873087,0.562817903,35.19041453,18.16032307,57.10574939
23-03-2021,East,98.03320746,64.60471609,45.49574316,29.94442319,1.517799401,39.63167172,27.94650903,76.33425068
24-03-2021,Central,80.22817786,87.20111548,55.08918894,17.05331718,1.173849621,42.68619654,24.72703367,70.58399505
25-03-2021,Central,77.92821366,54.85681708,51.18338137,21.17110207,0.920737215,38.44638591,23.10798747,63.37223243
26-03-2021,North,103.597883,64.17522952,25.80615644,21.22638466,0.998956837,27.40742253,18.55944635,49.18860165
27-03-2021,Central,127.8400457,52.36179956,42.23994969,14.3901594,1.151759307,17.67173545,23.499222,75.47068572
28-03-2021,West,118.3663321,47.3046042,47.36763345,18.57063873,1.292001235,41.24044468,22.92636059,86.37598333
29-03-2021,West,68.58998793,51.2263852,46.1886033,20.8075675,0.773207413,40.96556791,26.58863351,20.68676279
30-03-2021,Central,80.20743727,52.81862143,33.70766237,17.83939478,1.109843958,24.62419077,25.83508989,61.14915675
31-03-2021,North,118.8154238,65.39213696,69.14109216,32.20461983,0.847988747,37.3695123,28.96030051,80.61866503
01-04-2021,West,80.35025213,95.2361368,27.22915438,15.80688163,0.943305627,27.34257765,22.57711728,65.71787761
02-04-2021,North,95.507337,49.25934846,29.16811553,25.89712234,1.04820786,42.01021507,15.69794249,76.05804805
03-04-2021,South,111.001042,53.75062042,42.33595081,24.28229907,0.997996428,25.8810827,29.95546438,82.65427727
04-04-2021,South,80.6331109,59.0531548,61.16803055,19.93068933,1.220670069,45.8292103,20.31983743,72.56657111
05-04-2021,North,102.1075101,65.93698273,31.63805149,15.67395473,1.146125968,36.28896438,19.46541473,70.1912181
06-04-2021,East,73.3194901,63.95326218,37.34171634,16.1587234,0.547549237,44.38035876,24.78441727,87.5322124
07-04-2021,West,87.97264712,79.26143691,50.77293673,17.4101635,0.592653038,26.28962184,26.51135256,80.45792605
08-04-2021,South,106.3956387,23.60411894,39.82137845,11.07129359,0.889084995,33.24023684,22.34581797,77.07645087
09-04-2021,South,68.14012533,24.19605195,36.65396145,14.98267287,1.548587579,22.24576641,22.30653659,26.04823523
10-04-2021,Central,108.8094948,52.56182742,45.65632902,12.58761742,0.74452245,36.75191402,23.04486841,36.73209182
11-04-2021,South,99.60724402,76.45950281,42.7251799,26.72937502,0.937533187,37.19233226,32.08270175,58.9729217
12-04-2021,South,111.0497991,36.51527953,50.30438786,23.09231196,0.839096192,49.17619135,24.98660956,69.66920735
13-04-2021,East,104.4782827,14.8855149,52.91468889,23.92987049,0.833786685,33.85631838,20.1601858,41.22504253
14-04-2021,South,127.2828086,68.56769109,43.0700306,22.94415976,1.053471923,35.79275362,20.21108322,26.53296792
15-04-2021,North,102.5044901,63.65485836,42.91732725,20.83483812,1.420233183,26.23335699,23.7455791,41.77694308
16-04-2021,East,91.41188918,43.6468739,42.14110982,27.30340166,1.13679052,34.33103498,26.18928967,73.97204264
17-04-2021,West,102.4459501,45.21690599,44.89130557,16.94618672,0.758940712,26.96087033,27.41990081,81.41807205
18-04-2021,West,110.8659606,45.45384421,40.55170638,20.53334828,1.825968853,30.92688607,25.62079302,83.90325538
19-04-2021,West,100.9772014,61.65802976,39.99391518,23.73529414,1.023571966,31.39612529,20.79063325,46.52066754
20-04-2021,South,100.8118338,50.60527086,51.96627121,13.39395384,0.826833713,27.18156101,22.8802935,46.07770024
21-04-2021,Central,85.96016624,67.41095878,55.1611618,35.48294448,1.423628912,30.50356077,28.66953941,48.46952297
22-04-2021,East,86.74198165,17.18060006,24.92447055,20.14282881,0.859278815,26.99763864,19.2695402,46.30666286
23-04-2021,West,71.94789456,47.14722202,40.10021152,20.70994725,1.498874096,26.962151,22.67123303,66.63376253
24-04-2021,North,134.9915349,43.10919059,33.11305567,26.28439016,0.738807163,38.61331721,27.98731429,45.08262835
25-04-2021,Central,75.12273529,56.15488982,36.89028534,24.57477667,1.429009117,31.40330913,29.37640713,21.42407556
26-04-2021,South,86.14189604,51.92928362,44.0251621,20.1903901,1.060314299,32.77653018,24.03542314,50.73172205
27-04-2021,West,85.63185469,71.9676567,46.69438372,20.65064719,1.38731567,18.34156185,22.94396595,35.69064463
28-04-2021,North,117.8984875,32.10994843,38.87873556,12.47925735,1.570529713,33.38766665,18.38941029,22.01649964
29-04-2021,Central,94.10100643,60.68237214,20.86659665,17.21767111,0.660217813,34.24338771,27.62819961,52.95900661
30-04-2021,South,124.9548415,68.37504635,30.34954419,22.58605108,1.382731546,26.81329102,31.59389843,34.41681914
01-05-2021,East,86.53018752,87.84971155,48.9649967,22.2194642,0.577328829,46.68023741,37.82577029,51.69192704
02-05-2021,Central,105.5798832,52.77351043,12.59573578,26.10582875,0.685844693,11.68618189,26.93223092,39.44249906
03-05-2021,West,83.29305893,64.86687907,51.87427152,19.39749471,0.758977162,36.27493709,24.74560174,62.25962092
04-05-2021,South,142.9029826,32.94205811,45.21229991,13.06356743,1.151090991,35.70243844,20.40094693,89.36141708
05-05-2021,Central,76.24803162,24.12065694,53.16176082,25.28365215,1.009904763,34.33266346,15.60571543,58.30623445
06-05-2021,Central,106.1964142,72.67161564,38.01430813,27.18044673,0.949859175,31.40970165,25.88479625,65.28271418
07-05-2021,West,112.6755376,59.9165956,19.38594576,24.49122286,1.043870584,34.40543458,36.7516956,84.34930304
08-05-2021,North,108.2759819,77.67769035,44.30362642,19.18183165,1.177386877,36.94540384,31.35406115,46.18002924
09-05-2021,Central,96.29424682,39.39895667,52.74653124,25.22193026,1.200474437,24.19289933,30.58282135,31.65839148
10-05-2021,Central,97.40358601,67.79853209,49.24721806,37.14455239,1.328250051,32.39356498,26.22801409,39.79580981
11-05-2021,West,100.8762294,88.03226761,33.37308517,20.57576157,1.546010444,28.53346526,26.7976158,48.19564585
12-05-2021,West,97.05995997,66.29558413,40.86761075,13.44131654,0.993591288,21.2498528,12.88126341,65.15123769
13-05-2021,East,119.2775823,64.14872258,34.67163731,17.06857475,0.843673311,35.7373598,28.8125529,20.32116206
14-05-2021,East,144.21046,60.12834121,31.80733536,23.12738,1.184060839,25.4851166,22.10329715,79.73682503
15-05-2021,South,88.8501643,36.43677814,49.55388571,11.97597845,0.656723555,18.0171306,21.49136327,25.32657811
16-05-2021,East,72.60394041,80.33359404,28.02467689,20.84701537,0.79638876,25.68711471,23.38371523,83.04586042
17-05-2021,Central,98.23435903,50.8371354,31.06183569,21.90168325,1.299814284,23.60880882,23.21497755,86.46041648
18-05-2021,East,151.5941868,67.56724885,28.95974367,27.6756087,0.962761488,38.22783207,21.41182204,89.30719559
19-05-2021,Central,83.92650864,36.5544854,25.09752477,26.55097428,0.637542262,31.22554512,25.06936036,76.66571291
20-05-2021,South,132.7823361,42.30810503,41.46414292,24.32292396,0.55305908,41.05906197,22.20861202,29.92988682
21-05-2021,West,133.5540163,81.52631099,51.61503048,9.186604947,1.014615004,24.66755015,25.50161478,69.43169303
22-05-2021,North,88.92823517,54.79046567,38.15123244,24.60526564,1.342568961,36.99335898,17.56411093,34.23249034
23-05-2021,North,111.3796616,81.79913214,24.94252199,23.52756693,1.338563733,52.71698332,23.92971115,82.79894849
24-05-2021,South,132.5679325,58.82654011,48.3994454,21.27972189,1.033264151,32.84825974,19.51852205,42.1624148
25-05-2021,North,92.41744518,32.37153341,56.85701754,11.34888937,1.602672826,36.8931909,21.79275341,42.8757184
26-05-2021,South,95.9283928,73.381014,33.53757676,16.11613045,0.96855389,35.54814131,25.71699422,84.23573071
27-05-2021,North,88.36638172,51.15161523,35.21445733,14.16588615,0.958429713,18.62339738,16.98001193,20.92617495
28-05-2021,North,79.70486539,70.4803322,45.1566063,9.924957802,0.229769227,34.68653838,20.88796311,33.5776306
29-05-2021,North,87.0144491,60.37816301,56.21873748,19.98542424,0.865791115,32.45165057,27.84482192,49.53525866
30-05-2021,Central,75.52119466,36.85322658,34.80165854,16.01088939,1.25560451,27.92202093,17.93411079,69.05050971
31-05-2021,South,100.6816694,62.46442148,26.67550219,33.1265279,1.469188401,22.92770901,33.8893357,65.32963162
01-06-2021,East,84.60053538,92.94334713,46.31418606,19.1561403,0.75092961,35.55186592,31.02203978,66.85883126
02-06-2021,Central,104.6757182,67.39479688,47.99068073,26.46876578,1.138675699,22.22077008,22.52736458,81.60154199
03-06-2021,North,68.88208708,59.1372337,40.0613145,12.15450488,1.31406371,47.06916484,21.06395156,28.47212886
04-06-2021,South,106.6176046,76.13015103,34.4186674,17.34955207,1.003362446,30.91335267,26.00969952,56.55131874
05-06-2021,West,116.6705792,63.16002698,49.94378731,20.48448938,0.315015863,20.21354362,17.76268871,70.78343824
06-06-2021,South,60.12528715,63.14301345,45.28036005,15.45923026,1.074187,25.88802977,14.98928638,64.528291
07-06-2021,North,107.4811314,43.62562242,32.31564483,17.88899658,1.228429187,27.77492529,22.70332438,51.3819884
08-06-2021,Central,124.5533798,63.50772039,40.49094731,18.91024547,0.715773131,49.29901323,24.32975617,21.19802101
09-06-2021,South,75.80717963,75.53165125,26.48292468,18.83046007,0.923753641,22.92328843,25.47213612,24.2316586
10-06-2021,West,133.4514477,47.45906772,46.85890456,29.27559287,0.653351187,29.07026189,21.92629692,28.32589288
11-06-2021,West,108.3803802,81.36743732,37.37766431,21.89113143,0.228955735,25.69737304,31.36973365,44.0259427
12-06-2021,South,85.89976288,58.62440964,35.64289168,22.39755281,1.308101324,33.99406788,17.52430171,28.23574169
13-06-2021,East,98.88461845,46.68345733,39.67125515,22.69827387,0.99887544,25.82493269,19.30868933,49.82576191
14-06-2021,East,111.1665383,74.96448115,40.40307699,23.06313189,1.479302499,20.88754667,27.43317978,32.50493934
15-06-2021,South,101.5201078,55.69808646,48.94930062,19.58556508,1.257196658,28.43764336,19.19176307,74.54163383
16-06-2021,West,110.7751198,71.39272331,45.91090531,18.39626814,0.893737072,27.60484925,18.99839774,81.00413317
17-06-2021,West,81.58652814,55.62362052,38.43590721,20.8340803,0.975045802,25.26204498,25.61677396,47.27532556
18-06-2021,Central,103.3872165,59.10260785,47.6366815,25.78401974,1.169853217,25.68951713,19.7323869,55.79322357
19-06-2021,Central,71.72571006,67.40340307,44.00737254,25.63119094,1.290065025,39.47756638,24.33457786,86.74473691
20-06-2021,West,97.77547877,64.36345586,35.73400364,18.79800762,1.096801189,27.44207829,21.5007172,57.48554287
21-06-2021,East,81.92184717,30.06702329,38.75281842,23.83921847,1.331677944,20.9269787,20.69168148,89.65512511
22-06-2021,North,85.28940115,43.1813439,38.51777111,19.02707668,0.910999379,26.30307229,14.48847304,29.94916956
23-06-2021,West,124.7218635,73.94114977,45.05261343,20.16935275,0.700856936,30.43468528,25.69781576,80.35584944
24-06-2021,East,121.8262024,58.01795117,36.32977385,17.63238309,0.980557224,19.30984291,18.76405004,54.80421019
25-06-2021,North,112.1827624,52.14403046,36.09590814,19.09177431,1.061555467,43.00782368,24.15878898,21.58998779
26-06-2021,Central,78.15374471,39.62138977,59.68757309,26.70665035,0.639539382,36.94063582,22.43947551,88.0556059
27-06-2021,West,93.67183101,43.80395518,49.39735482,20.46210574,0.598983375,41.44138195,23.96745971,87.55335298
28-06-2021,South,124.261954,29.6730204,32.39399336,20.67641254,1.134215889,33.137025,24.25162313,46.82895881
29-06-2021,East,102.8343383,58.48078922,45.70940994,12.7639111,0.878092945,13.2504204,25.96814125,86.78994498
30-06-2021,South,146.3865908,51.02343629,41.18350066,18.45378046,0.950247728,42.28266973,21.36120349,29.87067496
01-07-2021,North,107.8663568,45.50118164,43.91551175,18.79342548,0.8920922,23.09145312,31.2134824,67.60770988
02-07-2021,East,103.8409823,58.97814862,41.37341325,15.85428257,1.456180271,23.74250605,15.7629997,33.43502908
03-07-2021,East,93.81767072,65.45955946,51.89642645,20.10832706,1.378528348,31.25060115,23.86704441,37.26530654
04-07-2021,North,102.6708181,91.39796898,43.45620345,17.85408855,0.628793893,41.02583877,29.18115488,74.5536206
05-07-2021,West,96.95060327,37.32174871,39.37911302,20.39997928,0.840162036,38.42629707,27.38386277,46.41506592
06-07-2021,West,114.1621735,77.39071565,50.42190577,20.60751505,1.25500128,37.25024896,20.12582212,20.4989252
07-07-2021,West,119.1340463,74.59652342,42.33285041,15.22122821,1.180580871,27.50538358,20.95877254,48.99668969
08-07-2021,North,84.28021079,48.31360891,41.21478579,18.00649109,0.987562611,27.37913979,19.9660372,35.96485244
09-07-2021,West,73.37534093,63.04853932,43.14022602,20.38687141,0.658719939,32.76754934,27.99613815,67.83309395
10-07-2021,Central,63.27589254,53.13550126,39.06390977,25.92149716,0.795237986,28.95943327,21.30038136,33.61140877
11-07-2021,South,110.1598265,62.78532871,40.09226993,21.28359586,0.84496973,37.11454326,26.27561544,78.95774699
12-07-2021,East,77.93266788,82.6369652,34.13305411,16.6903241,1.083098299,36.64094132,26.32150707,38.69651085
13-07-2021,West,56.94218814,69.08409349,32.4883278,21.9950238,1.511118146,34.73073057,36.84196734,47.51197808
14-07-2021,Central,107.7715721,67.6291256,30.01429614,28.53774445,0.79393593,9.792309746,26.5662563,40.86258026
15-07-2021,North,149.8599903,53.5453602,26.08016713,24.58353236,0.692189426,31.02390691,20.94427993,65.07463435
16-07-2021,Central,99.87858177,37.73915003,31.20282639,22.73763265,0.967424057,29.12916895,17.69924869,27.08144789
17-07-2021,South,116.7698155,56.87297684,38.25732966,23.62795088,1.309521694,31.34420481,23.62073643,53.46695609
18-07-2021,West,101.6365872,78.09912232,41.03117582,27.19977021,0.56593511,23.96540289,24.40457079,43.41183707
19-07-2021,Central,98.02220694,37.09248215,37.28703437,25.37813397,1.436090245,19.40171272,13.94650236,81.88965743
20-07-2021,West,118.3815297,44.17365948,16.4429651,22.83380191,0.948390591,33.70510784,21.4307292,25.13884655
21-07-2021,North,94.19450912,61.89401604,55.74586358,25.3432111,0.779703999,27.14958946,26.48676271,78.07865455
22-07-2021,East,105.3478463,45.23017823,50.86480123,14.59174452,0.519943214,34.59754395,22.33822165,31.73763336
23-07-2021,West,106.4339561,48.11214829,44.45759851,12.48867374,1.211956232,24.63268498,29.84311893,26.2004362
24-07-2021,West,86.63819093,53.64602127,59.07490673,20.78549325,0.948648641,41.32728512,17.20821778,34.16260007
25-07-2021,North,119.840847,39.51573894,30.22635883,20.34340355,1.051211645,38.00851874,28.3844141,27.18570874
26-07-2021,East,96.50080487,45.38817231,58.87625121,17.28044973,0.729756478,32.37461687,29.56944871,56.46887637
27-07-2021,North,84.88509681,70.55141875,30.34785923,24.12926335,0.90427119,28.29369269,29.78248238,89.1750467
28-07-2021,South,110.7301969,40.38945327,42.38737925,10.68568207,0.854025626,36.81927102,17.17071808,22.40291463
29-07-2021,West,82.03064036,36.03191798,27.26162675,17.32613872,0.969822068,33.14038252,26.57276398,52.27898445
30-07-2021,South,100.5636231,50.54962531,40.14694096,17.57522228,0.799134302,31.9086735,21.65622941,47.02492304
31-07-2021,South,99.81762007,70.97933254,43.86166498,11.81849107,0.539745712,38.34292328,17.96928779,43.772449
01-08-2021,West,121.7179113,57.04617288,38.45309669,27.47365504,1.818549924,41.41228924,22.93066138,43.23045273
02-08-2021,West,109.4939647,53.03128383,47.13877444,13.20399366,0.590978726,19.98071052,20.47511004,82.65089296
03-08-2021,East,99.49946083,60.66538196,40.99014449,17.05829971,1.054437702,21.59692714,29.60375234,21.32833051
04-08-2021,North,116.355326,33.81438851,34.77585272,24.53989879,0.468391651,23.7579142,27.56531672,74.24414712
05-08-2021,West,127.804151,67.42058481,34.33186682,23.23022672,0.400885769,17.98060322,19.23777766,37.70532252
06-08-2021,North,111.1562061,65.75152547,48.10913773,14.45912652,1.029347948,29.4980118,21.37889343,46.83068576
07-08-2021,South,100.2070524,53.86037289,33.4625797,23.41244605,1.052310276,34.80093164,23.09651287,49.4104939
08-08-2021,North,73.76327535,75.08886768,49.1540297,21.44892239,1.378449697,29.82865364,24.63797426,41.33122279
09-08-2021,Central,78.69772674,43.08755852,52.22711793,31.66517781,1.119864052,25.72702687,30.03189137,26.54912033
10-08-2021,North,93.89550591,76.9186349,23.31286138,22.01970208,0.955056784,39.01166206,28.45391163,28.00315942
11-08-2021,East,87.80975596,62.31740498,51.32926387,19.29379089,0.715119927,31.12445123,25.25695984,40.86917869
12-08-2021,East,96.26057394,54.95171115,60.60422698,15.71749021,1.44970362,32.74386374,23.69675575,77.5266337
13-08-2021,East,101.1329985,59.70189547,42.52003761,16.27878317,1.278655374,39.23387844,16.13322983,29.4239357
14-08-2021,West,110.5938551,58.39102851,45.99084185,15.87115452,0.626101157,29.01406449,31.45998813,71.98478832
15-08-2021,West,98.59002444,78.30424345,50.37005324,26.85549407,1.011389118,46.48171258,22.76451701,40.22088106
16-08-2021,West,109.7300329,43.84981309,37.24517685,20.08984958,1.043215669,26.41747997,32.7742012,81.84254546
17-08-2021,West,101.2894883,48.56221141,41.82280224,22.82623562,0.896303903,45.98358564,25.98054646,49.98299328
18-08-2021,South,60.49066867,75.54454338,26.8580047,27.571238,1.231555146,22.20211854,35.12642104,32.02063193
19-08-2021,North,81.21329212,51.06697597,41.38635029,8.207679289,1.249519942,34.13987922,28.03160767,89.00911151
20-08-2021,South,97.11824889,73.50799616,44.98111996,26.39436882,0.942854291,24.85974265,17.83990184,32.36441635
21-08-2021,West,75.80610514,85.49153975,45.16163023,20.27698456,0.915739226,38.95652894,21.9279226,59.73338749
22-08-2021,East,111.9985746,53.9730746,50.65424724,22.17524186,1.449687539,26.17413914,24.1543252,59.85005347
23-08-2021,South,130.6150166,70.2204349,32.25197822,15.85798389,1.279851668,32.32696953,20.63108556,46.09694158
24-08-2021,North,124.375237,42.69461578,34.67393243,16.22437801,1.021708117,24.79566403,23.11469591,86.60420148
25-08-2021,North,95.73114258,71.32099947,58.95507346,22.44422945,0.511237288,37.49780139,18.16530421,79.07121937
26-08-2021,West,129.8145227,62.99135979,38.49671626,31.922989,1.103200032,24.75398991,25.02860641,78.08736926
27-08-2021,West,102.9733491,67.09557423,42.00033787,25.01656656,1.209425039,43.46731876,26.18705975,88.19063548
28-08-2021,South,93.25828058,50.31641892,39.32989958,26.32761461,0.173643511,22.03202314,19.97945296,51.99765367
29-08-2021,West,87.73194673,35.08374877,31.78319174,19.03999365,1.075560834,19.23497665,34.70127147,26.80300429
30-08-2021,North,93.95060627,67.54878097,56.23529211,16.99897888,0.874992404,37.61241662,25.31756631,73.58191478
31-08-2021,East,92.23646363,29.04895271,34.72298588,16.09597524,0.933743716,25.26685088,20.91629567,46.65688056
01-09-2021,East,103.4083244,55.23974262,28.72714476,17.55863138,0.727785714,29.94210149,16.8523035,33.32416063
02-09-2021,East,103.2114796,74.117728,35.49259723,9.736087834,0.955543213,27.42207077,25.29971445,53.82731403
03-09-2021,West,100.0609204,62.87846604,19.98293998,16.37540329,1.417597473,19.49913386,23.69755734,84.80032581
04-09-2021,North,108.7387634,89.22513967,33.48712535,17.19823422,0.86608045,29.38405069,28.91520454,31.99499133
05-09-2021,North,123.8129255,75.37663729,30.31871402,19.12320913,1.289672068,40.11932716,24.28314868,79.40891707
06-09-2021,North,118.9910827,50.19152418,46.17428631,20.65875055,0.758100634,38.02509603,19.03140609,49.27434591
07-09-2021,East,70.30204063,60.4097007,33.2658576,21.81225434,1.227626858,31.8543421,33.35359148,29.57613865
08-09-2021,East,48.9215773,59.28943946,48.87803936,19.92537314,1.000496757,38.89814634,27.1781244,79.38676128
09-09-2021,East,118.6863982,36.26734855,53.98483993,17.09278457,1.105607449,21.52385132,23.72945644,87.87342388
10-09-2021,East,72.66242603,45.89401625,47.81175336,10.18320678,1.002145977,27.39636537,25.82319266,40.38895011
11-09-2021,South,95.50469196,51.5885864,37.84611711,17.12345696,1.19248757,33.16643953,27.37020978,41.24753469
12-09-2021,South,76.59773948,29.45669246,41.41114497,15.13774681,0.229724465,28.95668139,17.85571693,47.33821881
13-09-2021,West,63.96039125,60.71240202,24.7501506,22.33033374,0.574052406,28.02541336,25.7884711,76.98912551
14-09-2021,West,110.8292546,56.26392233,38.66220627,24.54643698,1.125124149,20.39485014,22.74938263,20.72920377
15-09-2021,East,115.1831032,34.90659148,31.39561532,24.69285534,0.386938494,13.34926889,27.53649993,35.67695862
16-09-2021,South,88.46979199,66.06319298,46.94326381,23.78476368,0.840825893,36.5429314,21.29909038,69.41298678
17-09-2021,Central,48.17915416,70.73809117,65.72752389,19.33237132,0.983697748,31.94577259,21.97649072,48.39476153
18-09-2021,South,89.07511103,63.40551718,44.99821636,17.39022217,0.751557959,37.21598703,33.31435549,43.12069361
19-09-2021,Central,107.8360801,55.13897737,20.08859851,16.26448623,0.792531579,26.50211246,31.15456045,81.05980222
20-09-2021,West,70.42176862,68.87163228,36.38769807,12.46250542,1.08147466,24.29777692,8.5221941,84.21337441
21-09-2021,East,103.6671984,70.20330541,41.22490925,24.9592685,1.302788487,30.05238373,30.78380991,86.35903534
22-09-2021,West,99.69380302,64.61105355,40.87357425,19.12644481,0.712465186,36.83359719,24.63173987,39.07853729
23-09-2021,Central,111.58583,47.63081624,32.69186874,13.76829853,0.827482541,28.14838228,21.45908969,83.87588267
24-09-2021,Central,102.3916074,64.14901148,42.45291743,15.86754312,0.780621708,36.41428147,19.96412632,71.58758883
25-09-2021,South,80.53862118,77.93220976,27.57499163,15.66513272,0.273586074,21.94953596,20.25441186,30.79503239
26-09-2021,West,123.93143,51.05056412,30.55091277,20.21512243,1.042513537,28.70842293,21.60032028,62.71890198
27-09-2021,East,96.82940854,91.46909009,46.45797642,25.33733926,1.280415324,29.43908685,19.36433708,21.84343735
28-09-2021,South,99.45390921,52.11553599,29.84336769,18.26005225,1.304992962,39.81111955,18.22700169,69.5864709
29-09-2021,North,81.33464082,60.4861052,45.38211605,8.737332426,0.738770087,31.66101918,19.79809925,71.34972659
30-09-2021,West,91.13435498,49.91271606,26.30536225,19.05409832,0.624490585,43.96862015,26.61696928,75.2536956
01-10-2021,West,82.30394572,63.34906254,57.64825884,19.2190305,1.006481664,19.2185216,25.25045074,32.07675379
02-10-2021,North,96.5410788,33.86667461,32.25730078,18.87539885,1.248782106,31.03935124,27.77928226,63.97749587
03-10-2021,South,134.2341696,51.80937302,37.76333428,16.86269417,1.046455134,31.43518431,24.6681508,32.51996794
04-10-2021,Central,72.56197714,43.61818199,43.30613261,21.0871954,1.086791391,34.96074558,18.46660335,86.26550584
05-10-2021,West,67.72877204,62.03007522,34.34650047,20.33070558,1.342549278,23.49312051,27.47220462,67.25074849
06-10-2021,East,129.4234065,74.91671063,41.43405961,19.87584843,0.778259032,43.47557072,19.97655361,26.67280936
07-10-2021,North,95.81352646,69.69009281,45.75356725,22.06320681,0.934008974,30.10371153,28.23307151,33.0922561
08-10-2021,South,86.61854523,24.42510959,49.60613233,17.85083588,1.490381654,21.3034599,19.17039999,66.44220687
09-10-2021,East,120.7980937,90.63104479,47.91497436,17.56707165,0.940956663,29.87180008,21.56261687,53.36693473
10-10-2021,Central,87.88768921,64.42919911,38.28189536,26.90061645,0.61979891,27.49470782,23.1930418,71.54083663
11-10-2021,Central,136.5201943,48.35251289,38.53368226,22.79677705,0.799193171,52.26588114,28.37202401,39.65521592
12-10-2021,West,113.5585174,62.35691878,63.49108558,24.1347303,0.718546045,38.3995488,25.87998626,66.05422758
13-10-2021,Central,90.24177184,62.64284734,49.49889068,26.13052293,1.107148776,30.39729085,25.10000661,32.38721176
14-10-2021,Central,143.1461643,49.99726925,30.78176344,22.6297209,0.731215899,29.10466652,34.42834393,58.05971844
15-10-2021,Central,87.88570154,62.96875001,40.99988164,24.6419434,1.081310276,37.6084549,15.81508419,87.04597141
16-10-2021,East,114.8419074,50.88791569,36.64856861,12.10327419,0.779180434,37.99089728,19.80811179,63.97555626
17-10-2021,West,105.9858516,53.93457011,38.64665766,21.02076936,0.362986438,6.707600645,19.59405761,23.49955323
18-10-2021,West,126.0348258,49.70581296,27.70504842,19.08640769,1.091985936,35.14394524,16.14673845,89.21334964
19-10-2021,North,131.2302239,38.50993065,35.88076766,28.38842045,1.044539104,30.22373235,21.40240244,30.98064308
20-10-2021,West,100.640083,62.18754705,58.11555773,24.63822766,1.155327345,19.51084943,28.43884582,70.26483719
21-10-2021,South,84.93164259,68.77949155,45.79076301,16.84777405,0.798103834,37.04171312,22.04176301,57.27710273
22-10-2021,South,109.1994429,67.72325394,15.08838592,21.86397079,0.766136657,47.96950411,23.33498514,40.60524815
23-10-2021,South,86.4456926,72.29887879,52.16723492,20.83840667,1.120440058,34.45436757,16.38722586,32.41173398
24-10-2021,Central,140.267745,64.86510315,50.89629523,22.27165717,1.455705872,38.80342754,21.01737212,32.4391655
25-10-2021,Central,102.7307066,52.00911753,36.40714696,14.90578765,1.003350403,44.43295274,22.69150642,80.08797768
26-10-2021,South,92.69356897,72.59495797,47.17263544,21.80008233,1.127375529,23.35790279,28.21200211,81.10387599
27-10-2021,Central,103.6936061,39.6372369,31.40600789,18.85924325,0.903523695,15.13942844,16.62541801,52.56018651
28-10-2021,Central,73.05747421,46.48992926,35.29744284,21.41224882,0.536910843,35.25492851,22.72495627,27.2535024
29-10-2021,North,80.56771923,45.53699893,54.98546361,16.37807417,1.290228826,28.01910771,30.43409015,81.89155727
30-10-2021,East,124.0082782,76.20084089,37.2826996,17.07468414,1.272524272,19.00661238,22.77458357,54.09115403
31-10-2021,West,86.86211442,74.14182771,21.30268338,25.8692101,1.213232208,29.37464051,14.42219293,50.7133696
01-11-2021,East,79.06178035,67.30957856,39.36696777,14.74226221,0.945416368,35.82037899,31.39587889,48.51499171
02-11-2021,West,110.7330551,76.07894798,39.21411607,15.11122799,1.17911683,28.80822668,28.67448471,45.55099217
03-11-2021,West,123.7140831,46.81075826,51.98368569,19.74209371,1.268128539,23.70537895,29.34698588,56.82037825
04-11-2021,North,114.3790662,65.2289268,40.14336422,16.14054812,1.486047605,28.21194352,16.28108177,62.31788586
05-11-2021,South,119.9209537,58.12238357,35.78417689,15.57485684,1.296557831,29.84418828,32.56227863,52.65025425
06-11-2021,South,84.86409823,72.70323156,50.45056145,20.52537986,1.019146368,14.5641419,21.13361957,82.76537144
07-11-2021,East,71.56378667,58.27163651,41.20790233,12.47467072,0.607524023,28.85780037,22.45280528,42.236286
08-11-2021,North,130.026673,54.22585667,32.49977318,14.96018883,1.046697489,19.24527622,21.48611417,60.48182998
09-11-2021,North,93.54640322,68.11362778,51.54997561,30.27047791,1.076973219,35.27220762,29.73468591,40.99677441
10-11-2021,West,94.98333967,73.14253751,41.93661765,22.29737529,1.212708933,17.5116594,24.10100824,72.73450167
11-11-2021,East,126.5638828,49.97482208,40.02925967,16.26718324,1.406167558,38.10153764,27.40870516,27.14847695
12-11-2021,South,111.1246002,59.08386493,41.77908391,22.09107539,0.971454846,26.72667945,25.37950511,33.20892978
13-11-2021,West,109.1177554,44.1233905,29.29331629,22.83665238,1.630296157,25.65619435,24.52478998,76.08409869
14-11-2021,South,143.3000469,22.52908474,34.72346224,24.9720721,0.472213894,32.35563678,20.26607968,32.82383167
15-11-2021,Central,87.12963539,63.00689447,40.03582602,19.36421985,1.125802562,23.07172444,34.06070294,63.80224423
16-11-2021,Central,118.5568026,69.13358034,38.05336305,24.88248851,0.760443882,32.22996603,17.68303186,87.91704163
17-11-2021,Central,101.1402625,63.93100214,52.72428383,9.807767376,0.4278334,24.1431298,27.06126987,56.60234296
18-11-2021,South,105.3718456,30.75657423,42.17405853,14.71845935,0.939467687,25.5461239,26.88328296,33.11775124
19-11-2021,East,130.5693685,54.73725855,48.54903923,20.81935701,0.56284819,33.24283335,30.77178143,42.4483732
20-11-2021,South,110.1567151,26.7247836,40.09395355,21.64816766,0.951571631,20.89135413,31.94045016,77.64206535
21-11-2021,North,110.7659216,80.54551661,50.56288484,15.44108856,1.010430774,19.88530159,24.313057,44.61626392
22-11-2021,East,121.4501467,43.70918127,43.97527757,21.29709996,1.335562423,31.98580406,27.65197153,70.64579513
23-11-2021,North,92.70094541,78.83105414,40.13420485,16.88079876,0.54772446,29.78480118,33.82436855,74.4145044
24-11-2021,South,83.21580665,74.18804466,39.86716911,18.61520453,1.27253355,31.34954196,24.67411617,55.08279931
25-11-2021,North,79.10381612,46.49114471,30.45561374,25.123869,1.029424135,32.62111389,19.66783262,74.82493691
26-11-2021,East,60.67286821,43.00822573,45.0691572,24.54468748,1.308654746,30.45900443,23.07765944,42.18321031
27-11-2021,North,141.1241426,65.25555325,39.59795265,15.01469836,0.870474647,34.86474099,18.47677001,56.13117527
28-11-2021,Central,77.93583269,47.33513944,34.9800804,14.71374269,0.600326624,30.7794903,26.85908405,68.05907848
29-11-2021,South,95.57492753,61.53726963,51.06461771,17.94413302,0.634750202,13.9415688,30.32228104,31.76512031
30-11-2021,North,94.463734,52.75758614,27.49783974,19.86626849,0.612457764,16.01692324,24.39479254,39.15353772
01-12-2021,East,106.148134,33.28262378,35.77504105,16.71050756,1.143344246,45.42359344,16.89519975,65.64256224
02-12-2021,East,116.3147443,26.54297971,50.27718749,25.20321221,1.443076607,30.00057494,30.10825418,65.87520839
03-12-2021,North,117.2094698,63.40026373,43.15522941,21.73694921,0.830514542,37.60193321,16.11850519,54.53118525
04-12-2021,East,88.33845123,51.57663381,39.52141072,22.03042555,1.188740589,27.23436875,17.27022611,75.69097497
05-12-2021,South,96.65756572,51.70365275,42.51003543,13.66730586,0.542967383,29.53587924,24.10830806,53.74384314
06-12-2021,East,105.651599,70.43795759,41.79414171,25.83645359,1.054096375,26.37308277,26.25892623,81.69255858
07-12-2021,South,95.02617748,77.60163415,24.83337454,5.899155889,1.200568785,49.72741865,27.11123749,71.51324016
08-12-2021,Central,132.1469115,55.91182918,36.50738115,24.17027726,0.565562567,32.02593938,24.66930224,42.02864043
09-12-2021,North,109.819499,54.8910194,56.16521655,24.67155869,0.938834959,25.72113676,33.80021883,47.66778059
10-12-2021,East,114.6975557,67.5021455,33.40675865,17.83799406,1.214775142,16.78768229,25.32584171,66.738068
11-12-2021,South,113.2576254,39.64596645,36.81698986,26.36455109,0.119868806,45.78986754,30.17334051,82.61168332
12-12-2021,West,123.4694771,63.34729582,34.58379237,19.68451224,1.400635919,28.69377292,28.93477282,32.50961129
13-12-2021,East,103.6204312,68.27828958,39.12984777,20.31215852,1.106103813,35.95383296,18.53563134,56.02644771
14-12-2021,East,74.06336104,70.20345313,34.16877169,21.69764394,1.215018294,36.84797832,24.15134756,28.31490949
15-12-2021,West,107.993759,30.94870946,44.86741502,35.93287456,0.876184216,26.29735581,35.61660257,39.56186087
16-12-2021,North,86.97286212,48.57967095,41.97313412,26.72216954,0.483183256,35.3796222,22.47824573,68.01869515
17-12-2021,East,89.42766637,46.82605121,47.73547615,23.505656,1.160218887,25.16689371,21.62689738,25.44142447
18-12-2021,East,111.7272804,61.49830432,29.49058834,15.43597757,0.975222902,22.0765891,25.85287791,66.36510073
19-12-2021,East,124.7656614,67.2111687,36.59659517,20.71794913,1.009634637,39.31571754,22.65740035,83.05677847
20-12-2021,West,100.4254315,82.45065611,37.74277368,15.93437953,1.326282096,28.73448496,21.0314771,87.85592037
21-12-2021,West,106.1766603,52.57551779,44.5564691,24.11055424,1.228619162,34.14810267,22.58358303,35.16425407
22-12-2021,North,134.0442989,52.53641253,32.06778803,20.70233488,1.576371225,33.28736795,32.16004836,72.42285696
23-12-2021,West,104.8150636,77.24508028,49.15653804,14.3773916,1.046156269,35.10345568,24.31690654,84.84593141
24-12-2021,West,152.0336623,64.44865408,51.86415591,20.40562292,0.792636269,17.54770453,18.35962484,26.39585176
25-12-2021,Central,111.3101929,79.01477267,30.11127652,15.75291265,0.943474946,25.31767575,17.44126731,48.98165259
26-12-2021,South,64.78474482,64.33092005,35.09127105,20.75608111,1.124699012,27.40419874,36.03402466,84.35868368
27-12-2021,South,115.0668324,42.64325072,34.68068492,15.70461342,1.304756956,23.34817062,23.88332815,34.19512488
28-12-2021,Central,107.6231677,40.00307468,66.32386205,20.13743817,0.559889815,33.43205478,27.1728925,85.36324787
29-12-2021,North,125.7950551,36.72731626,35.70099895,23.75234931,1.002561285,39.49514462,21.14311387,56.90344498
30-12-2021,East,113.463627,69.93077752,56.77625442,19.73474004,1.482862497,40.76147724,26.60492985,26.99251578
01-01-2020,North,97.23088032,77.82895235,27.33368005,18.04555866,0.927937339,27.28636188,32.29664826,51.49141217
02-01-2020,East,75.51403527,87.74043212,30.10349034,21.01638111,1.279303556,32.3357269,21.73868408,42.83828368
03-01-2020,South,95.81953485,72.64657998,33.13395468,23.4859131,1.147935258,33.56514804,27.2929339,39.75429124
04-01-2020,Central,82.98959092,77.44257866,31.54310689,14.46408365,1.286758182,34.97004875,17.97126862,57.90329029
05-01-2020,North,88.389531,51.29975501,37.32101266,21.30328077,0.757071838,22.97491942,35.11433059,53.85148835
06-01-2020,North,111.7715681,42.65376275,32.91221797,26.5877041,0.758379499,44.56464215,26.34267965,53.73770117
07-01-2020,West,133.3980901,72.75118999,31.80658407,22.86828482,1.006081568,37.41216147,22.93603078,26.16992118
08-01-2020,Central,107.8934306,66.26521128,51.58471996,20.28877073,0.540333464,37.62119475,23.51062938,76.16227267
09-01-2020,North,76.08233876,61.61166562,52.23793623,23.19868753,0.919077818,39.62768046,22.44980913,53.70075207
10-01-2020,East,108.8920534,65.81057221,49.49296498,22.26248228,1.075862997,34.27308754,22.70547418,77.46340801
11-01-2020,East,123.9326297,64.84778224,45.23998956,23.76800555,1.535390682,21.78149262,12.76252429,77.72162491
12-01-2020,South,87.80434191,79.2572529,40.92743066,9.880341945,1.120815457,28.88821815,24.51017134,42.19947274
13-01-2020,South,97.31965667,79.42478377,35.02969309,12.23271933,1.187568541,16.79157284,24.3006066,20.30424127
14-01-2020,West,100.2937639,68.16330529,30.46842495,25.02414575,1.349342754,33.32058008,27.44330769,83.78719742
15-01-2020,West,84.30203374,72.68704309,43.62995703,12.47360412,0.710602723,28.64629073,22.38428127,73.24862852
16-01-2020,East,112.9656087,67.71093829,28.26369607,22.00769318,0.950475201,29.67582093,21.14481843,27.50763698
17-01-2020,West,97.58103703,53.08245402,30.06079071,18.23975172,1.727623778,39.63200904,24.96112528,69.12089238
18-01-2020,East,108.3906489,71.34847012,51.52913256,15.01905377,0.976263333,26.34404769,16.93815941,21.40162881
19-01-2020,South,82.25015644,39.08257397,59.00649042,21.74824879,1.334929225,27.98301473,25.71711594,21.94313485
20-01-2020,North,91.25083399,75.80837328,43.93295138,21.00516752,1.289121363,30.17578637,15.6909037,56.80762677
21-01-2020,South,114.4476272,42.0821559,51.06457152,30.55171326,0.556565886,15.280062,30.60409324,26.72262005
22-01-2020,South,92.54333696,64.2870493,37.54151683,16.87594398,1.093143783,27.87149075,28.42134978,87.50355657
23-01-2020,Central,134.539277,47.32269062,26.62325814,27.2005506,1.044024242,10.1136407,20.36907062,82.56818587
24-01-2020,East,92.00727629,68.30083475,46.12171619,21.76211457,1.098987636,25.3158275,28.30569007,65.48684219
25-01-2020,South,104.4936945,59.49112161,45.69289323,16.69489059,0.773766256,36.84151243,25.55757112,24.45962796
26-01-2020,West,118.6518166,36.07866063,40.71668554,23.99623229,0.664924146,33.57813247,19.95494884,42.73846805
27-01-2020,South,71.63268534,66.31049447,37.57624542,22.82869252,0.857197,25.24143752,14.88561921,46.02060985
28-01-2020,West,64.78382376,51.33118835,49.62210579,20.17921647,0.970661501,30.32638575,26.58217842,53.66158851
29-01-2020,North,69.48687371,73.21720081,30.14266967,21.33147678,1.355495334,21.40008346,21.02859076,31.82320118
30-01-2020,East,125.2516821,60.01988533,32.26219421,17.01506484,1.545193246,29.98125277,30.47484785,60.425815
31-01-2020,South,88.96283708,65.93131478,29.91893493,15.87106437,1.418979354,53.44256228,25.07016867,50.50394535
01-02-2020,Central,151.1639857,45.63646567,40.84972963,23.79721087,1.258055563,44.76641056,21.50208652,86.31078744
02-02-2020,South,88.71504803,51.16001653,29.12106988,18.88030288,0.698697921,30.42097704,33.98919367,85.53366607
03-02-2020,North,103.6910261,53.12042046,33.15757819,19.59958501,0.877331148,31.28115332,27.88223246,59.58317687
04-02-2020,South,130.8421991,72.8505372,32.94244438,21.39910798,1.062977816,22.16347748,6.724567424,65.10445352
05-02-2020,Central,140.1218578,85.16065632,37.39391668,21.32644172,0.810268289,23.58568714,22.56804116,29.64575274
06-02-2020,West,141.2300715,47.92242372,25.12625554,12.85336765,1.173161696,32.89747458,18.07955504,35.63262672
07-02-2020,North,124.1673246,76.15272217,40.87204992,26.43126043,1.216145832,25.80085947,21.00101031,83.05007829
08-02-2020,West,120.4812505,27.45483873,52.47303651,20.60591076,1.160887019,37.23319676,24.27633801,68.9416146
09-02-2020,South,111.850539,42.08715898,41.35491372,18.98673369,1.307540381,42.55748545,26.77024254,33.26011381
10-02-2020,North,115.5672215,45.61832316,55.41321145,22.15423003,0.728622636,32.66096628,26.30682871,59.91472143
11-02-2020,East,88.97628567,39.71236966,53.33998186,21.18271097,1.279848611,30.81389765,30.38936538,85.43328753
12-02-2020,West,83.63602233,36.24617415,47.77735047,23.83531345,0.791306365,16.553763,28.18299189,44.16197743
13-02-2020,North,99.93251085,66.19498368,40.74685843,22.68991836,0.717719214,35.98088196,27.87373465,33.00742629
14-02-2020,East,96.59630755,56.78898453,40.22500388,23.58923114,1.15963484,20.85062959,26.00746162,85.94176938
15-02-2020,South,90.93543901,65.69108096,47.63799772,26.75496953,1.364762069,26.65592697,31.43399426,52.28857522
16-02-2020,North,113.9277489,70.35709029,36.0832939,24.41812274,1.146404046,37.67660714,23.41861728,49.20693991
17-02-2020,North,119.1061042,63.9842549,21.17479249,19.1975689,1.006241207,38.23806531,23.54848366,38.72970399
18-02-2020,East,101.7681377,69.86644764,44.92004054,14.38549422,1.093046148,26.26793978,15.47213324,82.41097065
19-02-2020,Central,129.5506016,58.95701571,28.6893137,28.33898967,1.040928075,26.72867572,30.28082022,79.19317368
20-02-2020,East,77.16621772,42.19509918,30.37858772,18.81138313,0.662214731,24.40544901,24.61537122,48.20932796
21-02-2020,West,96.12681081,75.86721271,40.00223948,17.63446293,0.627213957,20.41717004,39.66802853,22.14292959
22-02-2020,East,85.66355359,51.16331801,39.04875122,11.31636591,0.976352236,24.92163614,22.97233654,51.26560014
23-02-2020,South,62.66926766,45.96605552,25.87924394,21.69236553,1.023957051,17.09495985,25.44289065,32.66006116
24-02-2020,Central,98.34638628,57.33123186,41.65491564,20.74443302,1.003399714,35.46450065,27.73252477,29.99138491
25-02-2020,South,97.56504983,46.30783621,49.66139661,12.42442532,1.202830484,33.15618884,19.49050014,47.51655283
26-02-2020,South,130.2689949,53.73854427,28.7165843,22.26637021,0.935356985,34.48423428,26.79273857,26.93538561
27-02-2020,Central,112.6162337,65.16080882,52.72483331,17.5090404,1.168893755,22.3647676,25.17330716,87.02251549
28-02-2020,South,79.51626351,65.22512609,24.39829175,33.45157504,0.95662397,20.43943549,23.48155905,23.32774272
29-02-2020,North,137.0818513,46.532549,61.17324144,17.15319404,1.547007689,30.42811419,30.86301979,48.09587392
01-03-2020,South,124.4206739,52.68441941,35.8873957,17.82403334,1.024214118,30.51282052,20.48125641,31.38918914
02-03-2020,South,111.6419541,76.11499507,41.45616997,15.62611888,1.702216783,28.82184138,26.37451057,68.21679251
03-03-2020,South,95.47031802,67.44600177,21.07966428,26.38938261,1.105603477,27.68413385,32.27332146,25.51680145
04-03-2020,North,80.81121527,91.12597559,39.37863934,18.13612103,0.935896849,43.68620622,21.46689122,58.27639019
05-03-2020,North,92.55586448,77.70192261,42.28482178,16.37542923,0.730165607,33.40820009,23.51557009,74.11710466
06-03-2020,North,121.7749724,77.16439603,39.13837896,23.53477505,0.567133428,45.76542713,36.72652282,86.50418845
07-03-2020,East,137.6917261,39.18197174,34.36918923,13.09823532,0.702567315,40.1517202,27.37195533,68.89692941
08-03-2020,South,130.8648706,71.45790527,30.53435481,23.12555273,0.736118107,43.62616741,22.46901262,26.96442303
09-03-2020,South,90.22301156,59.20339797,51.3052662,28.90699858,1.118446006,21.40429787,29.0131238,26.19643848
10-03-2020,North,77.60765133,51.73527295,40.30807135,22.83303916,0.842150389,34.74536793,22.15953224,71.2118634
11-03-2020,South,102.8177249,62.52023011,55.40752377,23.18949158,1.056078116,26.54587609,17.17542038,35.07305835
12-03-2020,West,64.63121269,74.17817302,34.73517645,24.35030108,1.384593509,16.69290631,31.86181973,51.3067516
13-03-2020,North,106.4633543,67.51247387,35.65205307,28.54854014,0.973657495,41.96802536,19.48470368,88.36347709
14-03-2020,North,97.04794827,46.82289298,48.15594245,26.0494698,1.62374701,27.65045979,37.25856312,77.39347589
15-03-2020,West,90.67926996,71.1368837,23.77025038,22.19834861,0.647256706,21.55918696,22.55333812,79.26153501
16-03-2020,South,68.10593865,50.43618687,27.8653664,24.519457,0.954824935,26.68348909,35.66632341,80.25389333
17-03-2020,East,110.2720021,63.25024678,50.97484971,15.57032537,0.838206123,23.63020702,18.15664466,63.36817381
18-03-2020,East,89.34598321,55.44974899,28.28066071,23.88146795,1.280951982,24.45041626,30.12746793,72.07537467
19-03-2020,North,76.60166329,56.71700622,21.80948985,14.97222014,0.328062511,28.22717288,27.49863136,45.12726402
20-03-2020,South,42.55475573,71.49364463,58.68527188,18.16488791,0.567065413,43.84652154,29.18873113,89.89123586
21-03-2020,Central,99.4497019,44.3970942,26.06182352,4.587189124,0.967795953,24.66946227,29.84011353,39.57355188
22-03-2020,South,135.4450319,89.17792611,41.84119398,22.0071483,1.465413316,43.27416531,22.51127429,61.30051823
23-03-2020,East,133.2251843,32.68370896,40.69085193,16.78063994,1.06775255,36.79069437,18.45578079,39.74431748
24-03-2020,South,90.85807487,51.03498475,11.89371683,25.55572608,0.594535764,33.17017251,24.74541135,27.84497354
25-03-2020,East,87.95575879,65.55317835,37.32682977,21.95096305,0.640850022,35.98496026,26.11515129,59.73100704
26-03-2020,West,109.3754851,68.7647125,44.48413249,25.62047947,1.501896911,30.10924531,22.64077689,44.73440696
27-03-2020,South,80.03229122,58.49286419,43.54309382,14.58201728,0.81365956,40.28840083,26.38776985,60.82534873
28-03-2020,East,106.035838,59.13913945,49.03520684,25.19193019,0.717110988,34.53584211,26.64812766,59.10749337
29-03-2020,North,115.3216056,66.15825128,36.12508685,30.52928172,1.443211768,16.68267212,20.44986777,57.95797104
30-03-2020,Central,124.5386645,56.53395784,47.12504442,23.8207915,1.303329102,32.37001546,26.97485641,28.63107854
31-03-2020,Central,97.99691847,80.89771887,33.10670932,23.95174504,1.382217893,36.27178514,23.66393988,50.8126542
01-04-2020,South,95.926525,72.59023671,25.89532584,20.84798838,0.714987436,27.68799025,21.5000955,76.84027576
02-04-2020,South,82.44034826,73.09236527,27.02271624,17.3766561,0.542468308,31.01004698,28.93687569,42.06004469
03-04-2020,West,83.46239292,45.50764915,25.37889545,23.80596186,1.039949947,25.09713604,21.11504394,51.06820537
04-04-2020,North,95.47042216,58.80917363,50.09585968,12.46958545,1.10053784,18.97899475,22.71666205,54.56821132
05-04-2020,Central,107.3473101,55.49301077,24.85426491,17.91122438,1.109380541,17.59698503,25.36025425,80.39119188
06-04-2020,South,118.2716925,44.91597936,42.74038841,11.14471599,1.443455181,17.7034561,31.8715581,65.89198385
07-04-2020,North,83.93642099,65.40246276,37.34075806,16.48171811,0.479869873,35.35235794,25.96392039,27.01417744
08-04-2020,Central,129.8537714,51.93531363,38.97351427,23.21022546,1.257908515,10.07774633,27.64144166,80.56196901
09-04-2020,South,94.57752798,69.83105745,53.63607295,22.52696688,0.671012487,24.66816058,23.51178732,78.24461828
10-04-2020,East,99.57265411,43.94712656,35.61572633,20.25456848,1.256720596,23.87477372,24.60755188,72.75521864
11-04-2020,East,85.05576642,85.78560919,46.11601562,20.85200497,0.857512989,27.74272371,24.75561383,52.62406128
12-04-2020,South,51.51519479,46.55501012,40.37563351,10.57067691,0.755808461,15.1485476,26.46653118,73.02817684
13-04-2020,East,117.6809079,63.28953506,38.47981094,18.1371886,0.817029188,33.23110476,23.52016213,53.51194438
14-04-2020,North,114.7368779,71.87788966,62.99969124,16.59324197,0.56631694,19.81470885,31.69999943,71.5636474
15-04-2020,West,94.37344886,51.44039355,25.58658254,16.70470155,1.012128682,39.05924433,23.13416881,81.60771155
16-04-2020,North,101.3398143,72.78702965,52.89131835,22.99789314,0.768197983,25.0258745,16.46379432,82.33791096
17-04-2020,North,110.3187844,41.56224603,46.56406565,15.69746337,1.235889469,29.23509581,38.71398302,51.82050019
18-04-2020,Central,68.74908286,81.78176549,35.20475005,16.97659575,1.192016824,30.03019085,23.36315655,80.15398755
19-04-2020,East,89.41894645,60.21223897,56.29318517,9.564653771,1.506447116,31.95392842,31.56584894,27.10201664
20-04-2020,South,115.8852936,51.05382888,21.51889888,18.5293841,1.109898245,30.29611502,32.02395421,27.12735922
21-04-2020,East,74.91421154,55.51227341,34.78233343,14.56081226,1.15620333,26.58311561,29.72607156,58.37868628
22-04-2020,Central,105.8711586,72.13378904,27.91517796,20.39601464,1.420029944,32.74438825,24.0098639,65.62912329
23-04-2020,Central,72.86836391,51.23317062,44.12083465,15.24445977,0.811701191,33.72917704,26.4334241,30.70956432
24-04-2020,West,109.3285996,48.75963466,28.86935899,20.52271123,0.553522536,23.87892266,18.62744895,53.05260314
25-04-2020,North,99.28717035,56.67695104,44.33063947,19.2765712,1.060028218,33.41094255,34.95073887,26.60538675
26-04-2020,Central,67.69736368,42.34556831,38.13563584,28.36020887,0.573209959,39.53376242,20.74097001,62.14696399
27-04-2020,West,123.2947871,87.30815862,35.20646057,22.4860899,1.736181602,35.64715357,23.73049519,79.85658257
28-04-2020,North,85.30816846,51.50408113,43.88647246,10.80181064,1.436649488,37.45900193,25.49493244,71.63472832
29-04-2020,South,83.79495126,72.47425179,37.31378376,13.67555578,1.6491929,31.37536679,24.46280123,46.48040867
30-04-2020,East,104.0113839,63.14205125,29.11365157,20.27604004,1.018734093,22.51079643,21.71563359,89.56556576
01-05-2020,South,122.972747,45.23198924,68.0137299,15.35076026,1.165172078,23.52284432,31.97169526,66.40544835
02-05-2020,East,79.68356362,59.91067936,35.12832817,5.158157849,0.86215737,32.55910374,29.75139642,77.06739041
03-05-2020,West,101.233597,71.76004169,17.8239092,26.74773157,1.264877442,37.5421098,26.61023602,66.87881711
04-05-2020,North,108.57633,57.17607997,31.5790131,23.60112008,0.635337036,52.28729531,23.00223472,89.25914038
05-05-2020,East,113.8621121,77.89669419,27.32723312,22.60488437,0.237072043,37.85457556,30.32137936,77.49518371
06-05-2020,Central,103.5288311,75.32273089,48.26145616,16.96338477,0.762786814,20.63651394,22.67765684,56.35962525
07-05-2020,Central,92.65944322,73.78372282,43.2165266,22.13838386,0.563357957,23.86181942,32.8519592,45.6815694
08-05-2020,West,83.44819559,53.10514842,43.98712802,16.47819838,1.443378021,48.22813853,25.55610458,67.75083804
09-05-2020,East,101.7228777,43.80236328,36.29977534,21.0242865,1.544703237,28.28488854,31.14890763,61.31552662
10-05-2020,North,78.55721976,50.79618592,37.20649753,15.39708387,0.579121278,30.38011708,24.43089837,64.05454137
11-05-2020,North,41.57299033,62.94361411,36.29068896,27.58144225,1.387514682,22.31666464,25.35766591,44.01082364
12-05-2020,Central,108.7311961,68.1868007,39.18806816,12.14881673,1.285415495,42.52082724,31.12710531,50.01098944
13-05-2020,East,118.0786968,27.42642893,48.35333435,26.16141915,0.529066995,34.00266566,35.96962576,59.06676024
14-05-2020,West,52.74135129,59.87830198,43.36075413,20.19457914,0.882919741,23.80318922,32.80183409,78.74983813
15-05-2020,Central,79.80538591,62.37133838,45.0011283,17.55266502,0.825950883,22.04939769,29.3856731,73.40362424
16-05-2020,South,112.3830852,55.83683616,44.99558908,20.83501461,1.22439862,32.45763157,27.94641716,28.30591094
17-05-2020,South,141.1499094,79.36910759,48.84442437,23.66674004,0.631366195,30.3536494,22.46525655,37.1887975
18-05-2020,North,100.4158742,66.32670111,42.88150042,26.83373368,0.970338212,36.65688174,26.47614871,21.86604075
19-05-2020,South,85.43994118,79.65287862,43.58848073,21.56571512,0.794219649,34.37574779,20.43475408,20.55723976
20-05-2020,West,96.34207118,56.76059219,51.88806241,15.54651957,1.142002355,27.88415721,26.87891067,35.70628285
21-05-2020,South,127.4975284,74.06216239,33.34954082,20.27815062,0.93496239,25.64958724,27.2002533,75.95246636
22-05-2020,North,87.08071642,84.52599592,31.4425742,29.08396618,0.839426289,28.72046281,15.19577429,83.33233607
23-05-2020,Central,84.01615987,79.67540174,28.14078401,26.73839043,0.936011027,25.59455323,25.19369305,47.42378561
24-05-2020,East,90.34512956,43.6178761,41.82914564,24.54381739,1.61081285,28.95843574,27.0743745,59.42390176
25-05-2020,North,80.93342783,56.19485884,21.46267759,23.9784351,0.874930109,30.13152743,24.58145071,69.42368214
26-05-2020,East,102.4534063,54.82252942,44.62154096,23.49725045,0.687698435,22.81655285,26.79024419,86.70556895
27-05-2020,East,132.4935692,67.33881803,38.90806905,25.79377417,1.175030071,35.0454389,18.29138878,83.90525661
28-05-2020,Central,106.4615855,70.29530333,51.346397,17.71685607,0.956942599,27.03657828,21.12067847,24.00346124
29-05-2020,South,94.95292996,47.41660989,33.2808269,13.22456967,0.575429821,23.2649252,30.17469082,37.37160902
30-05-2020,Central,94.16377462,61.01757771,37.96681715,20.3450175,1.669448901,27.18714057,25.00285833,23.44011808
31-05-2020,North,68.73618383,29.70109002,51.22203333,15.91209207,0.894256316,31.93806525,26.69939491,63.15796947
01-06-2020,South,117.6621955,81.62917509,53.83135647,14.72489622,0.886639164,30.6643056,22.2673942,69.73453215
02-06-2020,East,98.44325606,52.31438639,33.19847634,16.39860712,1.047950606,33.37694492,25.09747012,41.57983886
03-06-2020,Central,96.39040173,60.8379591,41.81781233,32.42656962,1.519035031,37.186769,13.4899391,79.76963357
04-06-2020,West,163.8621514,55.35525429,42.94418978,20.68062317,0.496076402,40.43952163,29.23005969,51.69689253
05-06-2020,East,105.9750582,77.19041363,43.73653406,21.80953918,1.082795755,32.2838893,34.03966419,89.88670606
06-06-2020,North,84.964179,17.43740338,37.37424341,13.88818596,1.626181649,21.4447809,19.67491225,20.02797848
07-06-2020,South,91.47284808,59.75084487,52.81383398,10.78123521,1.038618604,27.84711358,20.29833906,27.66427959
08-06-2020,North,122.9689142,58.41271864,21.10296516,15.90473678,0.629399806,21.96545292,27.20439949,41.12552701
09-06-2020,South,102.2654082,53.19545419,35.78869765,27.19097793,0.814480944,43.57483259,32.36939645,21.78553186
10-06-2020,West,71.23444043,85.89339818,44.47930733,21.67137733,1.062064759,45.89920706,24.98951341,74.76376204
11-06-2020,South,118.3845787,46.69005812,44.57224812,22.99297546,1.399241175,35.20248958,18.8534099,23.69402515
12-06-2020,South,86.63711829,71.57694266,53.52759031,23.6928302,0.898199247,36.86767074,23.95691382,72.42857433
13-06-2020,West,137.4659555,65.34379183,51.98225393,17.0432531,1.247995539,32.00754555,19.8503396,23.67979212
14-06-2020,East,121.6009613,78.92278879,37.14458375,26.93982792,0.569389352,32.92844732,21.65576854,37.69090853
15-06-2020,Central,91.05356209,49.99216373,52.99871244,16.835962,0.566884489,17.22036625,23.4797945,78.8893771
16-06-2020,South,125.6203272,49.00546651,32.85958256,27.0311618,0.855159793,29.40854108,20.35337706,86.5766706
17-06-2020,East,101.3571102,76.44104861,49.30887383,22.21151078,1.431408617,22.9507755,21.11047138,49.01684399
18-06-2020,Central,117.0554735,66.37981962,58.10522478,11.05477423,1.020662392,32.2508523,25.37267,87.8957275
19-06-2020,West,109.6946563,36.8259398,52.14944107,16.25995257,1.086943359,29.52312124,26.07517906,63.88166466
20-06-2020,Central,83.0728669,51.91042478,41.05770384,11.07530734,1.083423879,45.5745757,17.88009833,49.10845857
21-06-2020,South,87.12900335,65.79573981,36.68221228,25.81641066,1.332762395,37.33302151,26.98190861,76.19609408
22-06-2020,East,120.5992164,72.56646332,24.71408704,19.8763229,0.816933792,32.27609586,23.09033068,40.67299641
23-06-2020,West,93.30449336,49.8115402,43.10539638,8.8582878,1.206485533,27.8644825,28.60130762,38.6057383
24-06-2020,East,91.92703074,16.28616015,28.84782772,21.87873441,0.750735201,43.40817167,28.9024876,65.95833738
25-06-2020,South,80.89754841,67.84834779,32.06865336,17.31417869,1.594981797,29.76036283,22.2772941,47.33411534
26-06-2020,Central,108.4719813,41.69518965,28.09254199,12.58097072,0.759882669,32.65339169,28.07073847,29.51426189
27-06-2020,Central,141.2504984,29.73991803,35.39607667,28.38982918,0.735283209,30.33799684,20.8152198,24.68749647
28-06-2020,East,78.64934171,17.51511113,39.72030586,20.53642933,1.164900944,26.76676875,31.61881031,75.14898034
29-06-2020,Central,100.4843891,72.2097129,42.73614581,18.53284299,1.023936529,30.29204978,21.004319,67.31375123
30-06-2020,East,128.2444111,61.92926176,33.99493365,18.0028761,1.098055722,14.30426519,26.76374804,48.82587572
01-07-2020,West,98.40717218,56.61515429,50.69283706,12.43360265,1.068194139,17.61834879,24.06195428,82.73593446
02-07-2020,West,109.0474359,80.83536544,37.91794742,13.4772555,0.67288234,32.79704433,19.91552743,48.75997267
03-07-2020,East,78.75212944,69.55987025,32.12277567,26.42458392,1.484007679,42.54559752,29.50457881,69.720683
04-07-2020,South,108.5661419,84.24450064,42.26292267,17.63058565,1.268062662,32.78576883,21.92934096,83.63806926
05-07-2020,Central,96.2571147,39.10896792,59.63552834,20.1103385,1.407684985,24.23704916,16.49963918,78.85008211
06-07-2020,Central,119.7145999,59.48174064,43.35160567,9.778347619,0.841500733,18.45716997,10.58993318,55.77733434
07-07-2020,West,123.747721,35.74929938,36.37144373,13.40953982,1.124957063,36.27621808,20.62477653,67.64454747
08-07-2020,North,151.7912728,56.55926502,24.72538644,23.0490626,1.059210539,25.46243879,31.8795421,48.95660437
09-07-2020,North,111.5926635,56.27076219,37.80587679,21.8885588,1.338400788,35.14588335,31.28869234,65.30380206
10-07-2020,West,106.5159263,69.39920456,42.34928125,28.76687599,1.34807444,33.11892126,21.40700799,38.02867068
11-07-2020,East,103.887686,60.68345822,36.12419109,26.71478166,1.057915241,33.82640314,23.12772543,50.43194796
12-07-2020,West,92.93667414,69.35110707,23.34615362,18.84644514,0.54461466,30.26881366,22.67543462,34.66820163
13-07-2020,Central,106.7696769,70.551602,31.4943461,22.36476782,1.533898566,33.06915508,18.33283927,22.67294669
14-07-2020,Central,94.0919718,92.32393016,54.54538461,18.41698279,1.16679623,29.04436479,20.25584064,61.19778954
15-07-2020,North,103.3692195,55.27055017,54.34001004,30.27404909,0.817468888,24.91754773,29.9057476,80.51005417
16-07-2020,South,126.3519507,45.88465949,31.13360831,25.74507348,1.121962641,22.29200752,27.51943936,21.79047922
17-07-2020,South,79.86914869,63.69125423,46.72756787,20.84842545,0.546671935,10.91992962,26.36544429,33.72208185
18-07-2020,South,122.7975712,47.96579959,28.21427215,21.00197392,1.31660592,28.5511235,18.32426694,52.21295415
19-07-2020,East,126.3423013,82.22941153,54.04316282,27.22425144,0.558636477,42.15502546,25.50351607,66.61277718
20-07-2020,South,97.63862946,55.75172942,42.45235848,22.89788924,0.933749652,35.84064074,13.48077515,31.98604356
21-07-2020,North,57.56290202,51.51635448,49.49641499,27.79314009,1.073336335,31.82167295,29.21401346,23.96863803
22-07-2020,North,87.84356026,52.93026418,22.84906653,9.031760369,1.311651914,24.12796005,26.2928745,56.33341024
23-07-2020,South,125.9398909,70.77626135,46.77637102,22.30614131,1.031963403,37.97871381,18.27383774,77.30967991
24-07-2020,Central,99.54263875,57.63379525,39.92325936,17.42282568,1.190488862,29.04552551,33.08212779,22.46644365
25-07-2020,North,80.01395535,50.3749977,48.51929071,28.78188994,0.991549927,42.59947451,16.0191767,44.45586153
26-07-2020,East,89.90450158,84.98027876,49.14867798,27.73199344,0.990344215,22.15130189,27.65153091,66.446032
27-07-2020,West,116.8124005,47.15745239,40.65784689,20.16417905,1.025643175,24.00024378,27.77585884,29.15194043
28-07-2020,East,110.9346714,60.53349111,33.99170361,27.67815489,0.943282624,23.22184045,18.8016478,36.51627438
29-07-2020,East,95.22135802,69.78459227,47.79696182,28.9155726,0.494028927,18.14305304,24.81074655,57.48448507
30-07-2020,West,92.66351176,35.52997334,39.39845501,20.37203336,0.769502952,22.50364252,16.81586079,86.72621875
31-07-2020,East,92.16483702,67.20390752,31.27215046,32.35966886,1.073432452,30.82573008,10.76812842,40.11398328
01-08-2020,Central,81.55179631,44.17338487,30.79847769,19.84329424,0.925263699,24.3023918,19.66061887,54.12691949
02-08-2020,North,132.3075138,72.34174171,25.22835584,18.92739525,0.953257275,0,21.91687529,47.99516041
03-08-2020,West,93.55359062,45.56023482,34.8970884,24.32936294,0.902993899,38.59418638,28.2212809,82.81776704
04-08-2020,North,124.3431704,70.39153548,51.02692046,18.23104634,0.740920482,16.52725017,25.33704043,25.03229048
05-08-2020,East,130.426321,76.58749599,41.778298,20.42669888,0.852070162,34.71382628,25.4677273,59.63033139
06-08-2020,East,119.966218,72.92154788,34.70232294,27.04717212,0.907950477,30.24971672,19.92789188,79.22837894
07-08-2020,South,91.36759375,63.76974972,48.04855938,20.09609426,1.001542942,46.93898253,22.34994348,89.16823039
08-08-2020,East,108.0746018,56.53048586,31.67523378,11.52491104,1.118013503,37.97565985,20.35036695,68.91078483
09-08-2020,Central,99.51608787,51.35370635,40.95350274,21.83659694,0.945834913,25.96316324,18.87512996,46.5954833
10-08-2020,West,81.92596279,82.06552036,38.20369627,16.5185321,0.691103423,24.3834915,22.03150287,48.82770468
11-08-2020,West,106.4871856,49.5075717,47.79130626,24.32635579,0.580575388,42.02182145,25.37256193,44.61775538
12-08-2020,Central,76.41920418,44.4440089,24.22771629,23.48094858,1.779231162,18.19303122,22.1368074,62.25291699
13-08-2020,Central,123.7535878,69.98053403,31.49802254,27.35700174,0.661055491,31.52703949,23.38248665,71.75840395
14-08-2020,East,90.70765405,48.05794795,23.61754341,24.5376615,0.8444125,28.95103629,28.47457405,77.36272945
15-08-2020,Central,104.0231931,45.74904754,37.40403278,25.45122142,1.155100091,27.25419145,22.49622791,49.16151768
16-08-2020,South,105.6657574,38.34593607,52.11427504,16.6545162,1.108258183,32.82811188,18.33016685,70.16959516
17-08-2020,South,94.82190053,52.75635241,34.9455279,24.01993248,1.156259708,31.51647888,27.81726761,84.13558144
18-08-2020,East,111.733876,58.75927464,34.89316062,29.84225645,0.867184879,33.65920594,26.32924824,84.45773561
19-08-2020,West,90.50192687,63.64637591,48.71724424,16.55675046,1.071567421,31.11180522,26.64329749,69.28203019
20-08-2020,Central,117.4259459,74.26959366,50.68549558,28.99869146,1.018403099,33.34145124,28.12919329,64.5831535
21-08-2020,West,73.0804064,67.90346885,39.11428933,17.25324954,0.90636059,30.74692154,27.28320764,57.20682529
22-08-2020,North,102.5275916,57.13691671,46.84714854,15.74014377,1.073622923,24.7245849,25.14364346,32.82383677
23-08-2020,South,138.77858,57.02706485,29.23045459,21.48100222,1.316609664,30.03201008,36.95726331,28.65407568
24-08-2020,North,79.99337351,67.65236203,53.77974334,23.57955208,0.993339933,24.28490752,18.57515627,53.99977048
25-08-2020,South,86.44510059,79.08855244,61.48706294,24.55875062,0.995335854,23.75698716,22.06791361,31.16109093
26-08-2020,West,110.278157,61.89471299,45.21215791,15.1911879,1.32044831,27.31079998,29.83667182,60.3899948
27-08-2020,West,103.5916356,52.96303719,19.15668379,22.17270049,1.288408108,29.04461471,25.71293146,65.19919112
28-08-2020,Central,107.012602,45.10700998,34.41769738,16.57222714,1.475180932,30.28180245,28.78961517,56.79309183
29-08-2020,West,109.7837426,38.32192103,46.12825322,12.55538872,0.47313093,37.33103062,25.84878215,22.54986988
30-08-2020,East,112.6944294,69.99404508,35.78517003,15.35631842,1.271535755,26.01228734,31.87028276,24.04095712
31-08-2020,South,122.1939968,68.66967785,52.72198554,16.24549817,1.180474014,31.57481541,19.96244572,27.93388293
01-09-2020,West,108.1963731,68.66045288,45.88157264,22.6079758,0.734304281,30.94422171,31.71229945,30.75520635
02-09-2020,Central,95.17484691,58.0701083,32.93524499,25.76106832,1.075476375,25.1309737,30.85498247,89.29178296
03-09-2020,West,113.451474,81.10402119,40.32264811,12.63396685,1.315336524,30.58992629,18.94855443,44.11465118
04-09-2020,North,137.9976387,52.73822258,31.06166779,21.75980537,0.751252323,38.02177132,28.15332705,40.43813615
05-09-2020,Central,97.34732507,74.32903856,38.17415122,14.11650907,1.132768729,31.49204974,24.78480034,23.6586645
06-09-2020,West,80.50941391,59.41885658,34.4540676,23.14542705,1.261406103,31.81267143,21.9670899,64.47242735
07-09-2020,West,122.1416134,50.87473853,51.747618,16.88634709,0.678694131,24.35737335,15.55690405,65.65335496
08-09-2020,Central,97.59237672,68.88795461,61.16012057,14.74335491,0.957314292,45.75087081,19.94593164,32.28140827
09-09-2020,South,56.54660908,66.14454178,25.68811667,23.99832258,1.090290513,24.81314904,28.5405607,84.34690786
10-09-2020,North,116.9484335,65.35459139,20.76783714,17.06538697,0.761160548,16.65773232,29.06920635,76.03454826
11-09-2020,South,89.29343628,61.21917633,37.54827578,18.42018024,0.73625404,36.88147296,23.9464476,36.12235218
12-09-2020,West,98.18933435,59.43160377,24.81584301,8.900054562,0.959486619,29.08146368,29.08492572,54.00948116
13-09-2020,South,106.6396066,95.82557989,40.46211604,24.73275681,1.240491915,27.57566543,29.72630039,52.08735993
14-09-2020,East,103.8099936,77.76384968,47.48936114,24.10454261,1.1931202,25.63556976,25.77319979,44.3964311
15-09-2020,Central,114.1890363,70.84240342,54.94141897,20.02728922,0.741576181,44.97371699,21.38833188,77.2344299
16-09-2020,East,91.29027259,61.67698737,42.01394559,12.36209529,1.195650366,32.83672223,27.20527056,27.64851399
17-09-2020,South,110.262116,75.10735801,38.06844775,26.04684589,0.749218067,34.39800977,27.43492354,49.07199679
18-09-2020,North,94.80906645,67.76992165,20.21615083,16.66868307,0.516949061,31.30092499,28.36972195,49.96217914
19-09-2020,South,114.7762096,60.39307129,40.26185149,17.73323275,0.889856929,32.16039691,29.32701635,52.81079232
20-09-2020,Central,112.3073497,55.44653512,40.71287261,31.56022028,1.336890811,41.18899688,18.18917714,80.29449938
21-09-2020,South,81.29122596,58.78623994,46.38956814,16.48181778,1.196788166,27.99316271,22.45035377,35.27168091
22-09-2020,North,121.7196423,12.44361396,32.91511898,23.71104981,0.999528458,18.34449964,15.50689327,27.20462215
23-09-2020,Central,89.2807311,63.15901259,35.649474,22.81046131,0.874988355,36.94443723,28.73498019,63.2465924
24-09-2020,East,116.161156,52.6728588,25.21997745,21.95086096,0.883071359,33.9736129,23.93844276,32.16841325
25-09-2020,South,107.3457463,83.89004997,17.08707193,21.41000271,1.032635472,30.8638385,27.15407035,25.24524601
26-09-2020,East,136.7636735,60.29016106,28.91502909,21.88194281,0.679468754,33.76602593,17.62160626,49.86544544
27-09-2020,Central,95.53068035,42.16554871,24.29674186,21.35970295,0.895567796,27.03404624,32.00490425,35.37525016
28-09-2020,South,93.01366408,59.25179769,43.36712295,19.74040821,0.935329162,30.16554066,19.02830418,45.28516332
29-09-2020,South,99.61160788,44.30818372,34.81865943,27.55641562,0.594677662,28.94639797,28.87281652,38.17977561
30-09-2020,North,93.93640434,67.10111124,34.6176287,13.4366972,0.748465525,25.26809394,25.58975085,26.48455239
01-10-2020,East,115.998838,64.36421047,30.15586954,25.10729052,1.123152037,39.51338226,24.05278611,59.2243042
02-10-2020,Central,67.67378783,74.36759447,7.674345675,24.11171149,1.002853552,18.70193098,23.64919947,21.89128926
03-10-2020,East,78.92635162,48.13677312,55.08310749,23.49199561,0.907371463,48.88705737,21.80968495,87.64627436
04-10-2020,North,78.64394157,60.51012144,29.99729477,25.58489714,0.726571769,37.01889767,31.47598088,43.89313652
05-10-2020,West,119.0061518,39.52467307,35.8757993,19.53700302,1.473054948,15.77619572,25.06306417,68.66102573
06-10-2020,West,134.2122675,70.52242173,25.45107835,10.65512962,0.748606236,28.20666936,18.65389235,76.72540108
07-10-2020,Central,97.91101563,67.78306771,49.71930343,19.6385367,1.075477842,28.65163267,23.08019899,39.53733569
08-10-2020,South,96.62356554,67.43707532,41.43428937,15.04402891,0.853639274,33.13509303,25.64169514,72.41170964
09-10-2020,East,101.4010433,60.02428547,31.73634715,16.34070395,1.010883788,22.08497383,29.48902641,78.26945988
10-10-2020,West,123.2375661,66.22159336,36.07770389,13.78790163,1.137282923,30.25620275,21.9769014,36.89220637
11-10-2020,West,81.45293732,84.06508662,56.78179922,17.61327571,0.588923023,29.03104482,22.31111722,89.47462738
12-10-2020,East,104.7673797,55.72358614,39.27030568,17.01688153,0.998015127,24.0990531,25.11716064,21.4482078
13-10-2020,South,119.5039526,62.07967776,38.18266462,8.11215085,1.357218595,22.98598215,29.3671241,35.19003362
14-10-2020,West,110.0218834,43.70810551,30.58618514,23.50110956,1.528450568,37.35043717,18.15622732,74.60145294
15-10-2020,Central,103.7916323,46.97608558,21.0541885,31.10160929,0.960995808,16.42733968,27.52677315,33.58917175
16-10-2020,East,120.0209219,61.4671994,38.39961326,23.03118597,1.012504362,33.82303149,22.67968735,68.87819043
17-10-2020,North,45.93535414,76.5590032,43.25485112,18.98538022,1.663399909,36.38008246,23.37783709,79.88712835
18-10-2020,East,113.5575064,56.15578764,50.99584464,19.72626802,1.340477284,28.25153329,35.00787873,87.14499908
19-10-2020,North,86.91848634,56.46125206,17.51503466,17.89507066,0.814814629,30.41898272,24.01765388,53.19732608
20-10-2020,North,63.38734206,53.89672133,28.74903673,20.45020792,0.814304965,39.30796,28.77346875,87.97763861
21-10-2020,West,110.224052,51.97864994,34.19258909,19.81495953,1.286964839,24.36118791,28.59456919,48.81356077
22-10-2020,Central,127.4731709,64.42457184,39.96519151,15.79475785,0.696688861,25.18678057,19.09988043,35.26896278
23-10-2020,West,97.25102971,37.54113532,38.54966308,28.41444194,1.326318025,26.03613055,15.77302837,55.97452972
24-10-2020,West,119.0574909,79.21409365,38.78311314,12.56422882,1.100289989,39.32260479,29.10491046,65.4876271
25-10-2020,East,132.2455652,50.01866553,44.08096059,23.59165772,1.155316229,40.33834998,19.58226904,52.05743212
26-10-2020,West,126.2982891,70.82855228,30.96706889,19.49401186,0.922979859,18.83287812,16.67908523,59.68807108
27-10-2020,West,132.7992906,40.95002104,49.34141442,29.50415908,0.811052559,38.04992598,30.13081107,49.14864314
28-10-2020,East,114.8425498,70.03260196,44.33452442,21.704323,1.438597849,36.55126645,19.90286633,56.73333678
29-10-2020,West,101.5086728,70.07916912,36.80167736,18.20047231,0.925978816,42.42875848,21.13741262,86.68169704
30-10-2020,East,67.96068376,65.76303108,56.00907992,18.76146401,0.876719477,33.08086426,34.87186578,54.98818068
31-10-2020,South,95.07875024,45.08357217,55.56416036,20.19953347,0.97595888,29.64591904,16.70132319,37.7225743
01-11-2020,East,83.13506809,63.74322284,49.32895355,14.28604653,1.05790664,39.16173349,18.71856979,73.11226351
02-11-2020,West,143.4188543,42.25415723,9.814432294,16.16565237,0.690752462,35.59123033,22.70150929,43.63091204
03-11-2020,Central,96.48228375,56.20855117,55.78945093,11.07528015,0.830538552,47.95918731,23.7987158,77.13450196
04-11-2020,East,102.4640961,75.44119651,47.94758522,15.38511551,0.814590378,37.66966276,20.53127359,23.97893923
05-11-2020,East,111.0297075,71.95052891,60.06408638,20.46953241,1.253584091,31.22838381,19.20672451,43.2524584
06-11-2020,North,100.8720489,60.22774414,52.37464592,21.50087525,0.73421123,20.60716496,32.54997162,26.60519358
07-11-2020,Central,133.9010208,45.37790136,55.78342677,10.10335153,0.473269643,25.35266258,26.31493062,25.9722477
08-11-2020,South,87.54701277,69.68381568,48.7865485,19.31394148,0.409871631,18.51236018,27.92584372,66.08726914
09-11-2020,East,103.8921491,60.29071857,53.48693199,22.81704975,0.55888596,28.27950371,24.31387412,46.97343609
10-11-2020,East,85.15058829,25.19526603,59.94123741,19.18543903,1.408461461,37.40854075,26.44727474,81.00352594
11-11-2020,West,73.59954978,71.73944739,42.16554738,16.83105677,1.00486198,29.97063129,29.66450831,56.14835965
12-11-2020,North,87.76461818,59.63650749,24.27769456,17.93919427,1.150374726,38.17380215,20.01850493,40.67402548
13-11-2020,South,99.25926406,78.03676872,36.925391,17.29618323,1.160946318,32.70058987,26.32417998,70.46222216
14-11-2020,Central,91.41395551,43.57094222,43.89945599,16.8163472,1.016855176,26.77526168,28.48021157,63.68117541
15-11-2020,West,86.1515804,12.3494428,40.74887584,20.86911763,0.977565611,30.70100124,32.72398673,75.97162346
16-11-2020,Central,71.87365073,64.18625788,27.53438034,31.53844114,1.313357929,33.77677353,34.7394549,65.05117934
17-11-2020,South,98.33788855,64.37345515,23.68932375,16.28150042,1.043798774,31.11378719,25.34929898,31.6909392
18-11-2020,North,69.90559252,34.63992559,32.58837331,18.40928684,1.419729244,31.20547383,30.69319475,66.92170264
19-11-2020,East,115.2011193,45.32250681,48.07739556,19.7415103,1.186248984,23.84759914,11.64916033,47.40844383
20-11-2020,North,101.6487951,101.3282662,55.80339771,16.56322783,0.814661118,26.53618988,32.76141455,52.42001212
21-11-2020,North,70.84897001,55.41584079,49.16567614,25.49117902,0.850859793,48.06768637,21.37058169,84.5095203
22-11-2020,South,93.81581846,70.96438465,50.57427287,8.145573133,0.781760558,39.82773192,23.79451276,45.19748324
23-11-2020,West,84.95687189,50.24010259,39.19184427,17.34470415,1.365264407,18.20927283,27.20552242,62.83714001
24-11-2020,Central,106.3834902,28.64545652,22.57917542,24.09156868,0.878484714,11.06424834,24.23278816,45.44372134
25-11-2020,West,126.8090089,57.4461263,35.44779419,18.52952846,0.760458161,30.60953937,25.9822669,26.63092398
26-11-2020,Central,62.49655061,56.0159316,37.41235588,15.89580521,1.095933412,37.14778316,32.93846484,51.74677394
27-11-2020,West,102.3005216,54.00182642,35.02947513,22.20378377,0.970849868,25.8404653,23.07889977,61.79430531
28-11-2020,West,96.79734409,58.28038747,40.54694865,24.53171618,1.088370554,38.17326983,19.56538092,48.52523044
29-11-2020,Central,113.4268015,63.96402407,44.4141976,21.05317723,1.566944171,30.47723652,34.06731929,47.34663293
30-11-2020,West,104.2639326,57.74824573,48.53015188,15.9938982,1.273921242,28.69550976,27.63382109,77.42649597
01-12-2020,East,84.96061337,41.03990748,37.21880136,22.2810166,1.008103166,36.04892141,34.61119488,22.07796206
02-12-2020,South,93.61892129,67.29277187,20.96240594,17.9897535,0.577472985,25.74499366,29.31814955,40.69097777
03-12-2020,East,84.07948286,30.75942367,35.17122281,23.72593441,0.850011251,27.70634943,18.38202804,76.82300858
04-12-2020,Central,121.5201428,29.24463814,40.43710397,27.41629442,1.213313831,35.3613381,28.22692336,84.4371104
05-12-2020,West,100.426233,71.08770742,52.22807922,6.972116222,0.648687688,29.7488325,20.08025967,48.86097101
06-12-2020,East,138.0238137,67.60530408,34.32192158,20.55533737,1.642291089,45.27021019,25.03715901,82.21559702
07-12-2020,East,98.78678372,59.13906952,45.12543628,11.32133032,1.004324969,35.5506033,24.62142798,33.92510855
08-12-2020,North,85.83186466,39.06827243,42.900879,32.20894293,1.014654518,35.03051063,16.91168098,35.49989475
09-12-2020,South,69.72571215,49.38133589,40.43900533,17.65937733,0.800006442,29.60396283,20.93594755,79.23339636
10-12-2020,Central,63.93720647,56.05879878,49.30533319,23.73186621,1.149021327,36.99803741,36.0259365,83.22804189
11-12-2020,Central,68.31728114,36.06159047,33.39158803,19.8234157,0.652599458,27.41913782,26.19188702,35.59640376
12-12-2020,South,105.342533,48.91457013,34.2481355,15.9845771,1.649467777,32.25902201,24.12201933,24.1526933
13-12-2020,South,110.1745005,69.78495507,39.88099177,15.38973476,1.395205391,22.66965562,34.0644511,26.32268959
14-12-2020,South,68.37618596,81.40958046,33.59853495,27.92839587,1.295288934,38.31553114,23.01882345,38.29665848
15-12-2020,North,117.9007663,53.70847871,45.08012291,24.7796903,0.582871298,32.32483758,24.54289819,73.3014354
16-12-2020,South,90.33877897,71.34732531,32.86807696,29.71792044,1.061623981,45.86010451,29.95401428,55.69942795
17-12-2020,East,102.9358602,31.28909894,42.26304208,20.27726668,1.362725919,49.13838707,22.99632101,51.89121896
18-12-2020,South,132.2444126,69.89176862,38.99827231,21.43959811,1.17793162,36.10655561,21.2673963,60.88979518
19-12-2020,Central,117.9367863,47.94077378,42.14925965,18.66404217,0.699367269,30.54740249,13.73121792,82.31561794
20-12-2020,East,94.62938704,64.61018425,35.40258605,18.56458898,0.804971873,22.4314839,20.31750843,26.33012657
21-12-2020,East,82.17615549,56.28371373,36.60911705,14.79056534,0.864419159,37.23799843,20.26986127,68.63068893
22-12-2020,North,56.96369197,79.80621015,40.96009268,20.42005095,0.81896865,31.68227651,25.79283348,84.8753592
23-12-2020,East,85.61693362,46.88346527,42.02074506,16.05376703,1.458633651,34.30427871,21.94770867,34.93450292
24-12-2020,North,95.77739522,69.41409446,39.95798085,22.20954461,0.423696058,43.8382991,35.79009505,78.64406212
25-12-2020,North,80.25640946,55.80738805,57.05362357,20.85005109,1.196775742,23.40461369,19.71185535,68.86172975
26-12-2020,East,97.37486066,57.62541783,30.09263081,21.43841022,0.612308988,22.60556665,32.00323343,21.01279753
27-12-2020,Central,101.5370377,57.2421916,39.35796205,28.3756497,0.711624554,28.10859249,26.09876478,36.21281763
28-12-2020,South,95.50288036,47.31490343,24.26370978,19.81141025,0.39707999,36.5696092,29.03387018,62.40913326
29-12-2020,Central,86.99994838,59.78851551,43.72081479,23.78363501,0.835283671,34.43893792,28.73009797,55.16802376
30-12-2020,South,103.3730934,59.06027667,28.84753464,30.25754732,1.453219495,22.83449191,13.90882235,56.95553768
31-12-2020,East,108.838813,63.61860373,37.21689744,26.53308535,1.079447273,36.05242321,24.94223661,36.23512972
01-01-2021,South,78.19201845,61.26757719,36.27935675,25.76584849,0.640491536,20.39029745,23.68885931,67.25024295
02-01-2021,South,128.2186476,71.96991824,42.80891127,18.46655892,1.305144302,23.29806661,19.33510953,38.64928597
03-01-2021,North,98.02823735,73.85262924,34.47209082,21.14821528,1.369391279,29.07634146,27.29813019,47.26044765
04-01-2021,East,100.3769925,44.24065017,34.04694302,13.40861854,1.031213944,25.57255003,33.58270158,45.82411411
05-01-2021,South,114.1642885,73.03158751,54.35856464,22.494572,1.610424747,37.11887591,11.63498178,67.04175155
06-01-2021,South,104.6643226,42.20495359,42.8456679,21.37230089,1.246469237,32.29102786,22.32765162,26.31769332
07-01-2021,Central,119.0627327,68.81783832,34.38949148,20.11692563,1.204795752,44.12448942,18.77116918,34.38793307
08-01-2021,Central,105.7424833,69.29608177,37.49166328,25.13597394,0.758986388,28.02251708,25.35888913,34.03479495
09-01-2021,South,87.75125251,31.33024663,56.45354952,13.96112589,1.188219546,29.02238279,23.37189358,27.58972719
10-01-2021,Central,107.2300705,61.3946887,37.64835122,28.17431426,1.065037383,39.68306087,21.97161394,34.53164852
11-01-2021,Central,77.12547585,52.9725583,33.10723377,24.50882344,1.155948701,29.27263358,28.44753414,62.49421875
12-01-2021,North,102.1711941,48.61852113,33.1500385,19.6468301,0.794624314,41.95204198,33.18090651,71.25177196
13-01-2021,North,99.33540019,80.26278496,34.50873519,19.25635206,1.038429665,34.32662568,38.30659326,66.22124129
14-01-2021,South,95.83766285,50.19481289,34.05502278,22.40305608,0.75494155,11.17770824,21.30185476,53.26316966
15-01-2021,Central,97.42924977,47.90434606,27.20352152,27.60425616,0.35586037,39.42056331,15.89562224,23.67041998
16-01-2021,South,62.36301909,61.1354241,28.75799903,20.50803859,1.299491371,37.3018145,27.79598217,87.13049075
17-01-2021,Central,89.02550185,70.28384619,31.70679626,20.72015451,0.549283305,37.61066085,33.05242368,31.76535226
18-01-2021,West,101.856898,57.87527121,45.91571018,20.09059239,1.032155939,14.71217297,29.06844984,66.78949593
19-01-2021,North,103.1971278,77.49555819,36.18762713,28.91012056,1.099900639,24.69608031,33.0317352,83.90234308
20-01-2021,West,79.44649718,67.96463493,37.92838311,18.15558449,1.097968905,25.29036133,23.87256665,68.84439672
21-01-2021,West,125.3141568,27.3268302,52.70088025,19.85246201,0.915076278,23.27102906,21.9521278,35.26347481
22-01-2021,West,82.67650304,52.05799555,52.9500715,27.31717827,1.081363443,43.93538026,25.57717954,42.10574091
23-01-2021,East,119.389144,51.57236851,37.17875057,20.73505417,1.141290121,29.9058573,23.34723406,22.11441069
24-01-2021,South,108.5438872,67.1904143,33.69136489,25.6852943,1.220489445,29.70751246,28.31547011,62.89307686
25-01-2021,South,87.0754538,20.62774415,31.35569686,15.44359972,1.520032402,34.41606648,29.84883889,62.90950866
26-01-2021,East,135.5062179,98.23514563,46.9277577,18.97353739,1.070258245,34.55441334,30.24041832,70.7850407
27-01-2021,West,76.12726336,67.96539142,37.95292766,27.42217019,1.019214654,3.320858315,27.55296335,20.76974025
28-01-2021,East,118.3830835,62.23315206,36.1350511,16.61830142,0.72798131,24.8291397,26.22911163,77.24889022
29-01-2021,East,120.0116464,77.72351575,31.86335425,19.2435048,1.130783897,18.69769138,28.97213345,71.70976702
30-01-2021,West,86.58759582,95.15481079,32.30333591,21.28342615,1.200214931,33.20244875,15.18504046,29.86206267
31-01-2021,East,127.849306,73.06119967,43.20058191,15.05422741,0.942309045,27.68886069,26.05285376,44.33386265
01-02-2021,North,94.99906971,74.23219645,26.84561734,17.93094941,1.163383751,30.12310052,25.26239029,64.6967425
02-02-2021,North,105.7738726,61.96035037,49.94868694,20.56318341,0.912245142,13.37184201,26.06540198,54.70578125
03-02-2021,Central,105.2064368,57.8771137,34.66155356,20.23340867,1.201297796,27.5211822,24.56188227,28.05659847
04-02-2021,East,97.31382517,52.86306834,38.50364056,26.4017601,1.273780694,38.92104201,27.15927747,26.11417626
05-02-2021,East,116.2161655,47.60832012,26.63022042,27.70728597,1.26958836,41.27559586,22.12698539,74.70194094
06-02-2021,North,115.8697744,49.6947885,39.87634062,15.71957564,1.035353298,35.75090736,30.64761715,30.91769826
07-02-2021,Central,65.02936054,39.74166053,36.71679057,20.5563426,0.688009555,19.31627765,27.36824889,32.04648718
08-02-2021,East,126.0868049,58.86192824,39.49919401,23.37124154,0.816426084,40.07521442,25.75342929,78.16461877
09-02-2021,South,66.75016024,34.72998634,54.71708898,27.58173733,1.178547197,35.79201804,21.51241715,62.84977442
10-02-2021,South,120.6509241,62.86374786,41.77698046,23.59245149,1.734643692,29.06248773,29.07658443,62.33009257
11-02-2021,West,122.5341027,59.45504088,32.05340816,21.45456701,0.897783769,13.79970948,26.03329849,53.554204
12-02-2021,West,78.1806714,62.20402948,32.88680089,23.33271266,1.136751304,37.62875961,21.22258303,59.82965101
13-02-2021,East,91.78371424,52.16802645,45.95131186,23.36884417,0.833184233,25.26266936,24.71669229,62.12387833
14-02-2021,South,77.88590663,106.1529056,52.98693291,15.36142854,0.707809887,32.76932657,28.1454131,87.74783644
15-02-2021,North,95.70157939,80.4017385,42.81918021,20.96399396,0.797105241,30.54715089,27.75786769,35.60813152
16-02-2021,East,93.83931432,41.3318625,46.88712745,27.29580497,0.375258407,42.30715988,27.43504484,35.01936938
17-02-2021,West,115.5932106,63.49302131,46.09737723,18.96321616,1.406030519,28.99706411,25.46265696,24.00529414
18-02-2021,Central,126.2061749,50.87990786,54.19064413,20.64723321,0.330960924,29.87909128,30.12909767,66.07391592
19-02-2021,East,127.9136762,44.7828041,20.50409827,18.78741775,0.920851531,42.62892312,31.18898252,58.43295266
20-02-2021,Central,88.75663947,39.89891893,46.67218939,8.430702522,0.646561631,24.73422205,28.68661308,27.78674427
21-02-2021,East,95.81556253,66.48325036,49.83736044,20.10295089,0.734685935,36.51458281,22.06274363,45.51772546
22-02-2021,Central,66.33123616,49.77929647,26.61276294,21.50895965,1.412956798,28.41107422,19.70969141,32.50642437
23-02-2021,West,83.88259867,74.51739036,31.14331816,17.43753305,1.060320097,21.9796643,22.28030117,43.20372183
24-02-2021,Central,119.2970327,74.90673322,31.49217251,14.22681526,0.710381152,30.00928789,34.76828374,86.58849186
25-02-2021,Central,132.3116565,80.60871578,32.71209804,15.5969677,0.82314486,35.53364091,26.40847957,67.83231872
26-02-2021,South,75.31302256,47.21419851,35.18282949,23.82093808,0.770355634,40.82967872,35.63220914,20.52983706
27-02-2021,East,88.15071482,67.13048416,42.42602813,29.86262387,0.986936298,41.79755188,24.39900828,37.67556516
28-02-2021,North,99.47188486,69.48681325,48.65674651,26.9121667,1.051867505,27.64188741,23.70593165,20.7253083
01-03-2021,Central,105.6032232,52.88732737,50.81316958,13.27826998,1.568672432,22.10200614,24.62971732,70.04079491
02-03-2021,North,83.8079296,48.42342064,31.62176939,24.27313655,0.42510977,27.4500888,24.5391296,52.85952614
03-03-2021,Central,108.4812209,84.14280999,31.55297001,16.68418812,0.989556306,20.54775397,21.13174544,89.58130843
04-03-2021,North,90.52321306,63.41243814,53.1582184,17.08866469,0.905329692,28.2609104,19.25575866,71.35082827
05-03-2021,North,99.71095458,69.53951626,46.46743935,17.69012201,1.283964558,27.26667773,27.50668314,56.25390599
06-03-2021,North,110.925685,47.66885982,40.82864842,23.53033475,1.106445435,35.81992163,30.27450359,76.32937997
07-03-2021,West,100.1284454,41.710733,44.73336676,24.79626688,1.177108662,12.35251856,37.2249065,69.33625559
08-03-2021,East,91.27228219,51.45825338,39.70196218,19.50984464,1.103525856,24.13113643,22.83143547,37.06433243
09-03-2021,Central,97.80780392,58.13967919,45.24584683,19.59464629,0.720402662,24.19585356,23.23672257,57.11807924
10-03-2021,West,98.23274082,44.0366999,36.63933303,22.32131872,1.363379649,39.49701802,21.14385353,58.91991074
11-03-2021,East,92.5997794,59.85232787,42.68804934,22.8399727,1.239551471,21.08924498,30.62863715,51.5862189
12-03-2021,South,94.82407875,34.67242218,24.8945395,25.88112853,1.274658938,31.81325888,29.07493727,32.5434836
13-03-2021,South,131.9729434,43.19928866,33.12215705,13.57814012,1.379215051,28.97497268,20.61532709,35.63583362
14-03-2021,North,111.218389,70.06366872,33.22988823,20.1001367,1.12530253,38.34434021,20.48900957,39.67331807
15-03-2021,East,94.09039364,69.0568578,36.25609967,14.65987812,1.444297721,34.76665492,29.76257379,20.71786046
16-03-2021,Central,113.9390881,54.12184852,30.73486745,19.7452886,1.113291872,30.96994985,26.91598076,84.18607245
17-03-2021,Central,93.3236102,44.73353536,34.66456374,18.86912356,0.934282424,25.562665,28.79194357,68.02671941
18-03-2021,East,123.4624928,44.58894673,24.85585938,19.76625273,0.998018827,15.18125998,20.58615761,68.2732121
19-03-2021,North,107.3928438,54.40097631,45.48700476,16.00128556,0.99284687,31.97668525,15.61137568,60.06314297
20-03-2021,East,97.85395712,69.66777737,39.17486481,12.56355103,0.844182603,34.24391839,20.62517492,68.25175657
21-03-2021,West,108.9543385,73.92368537,22.94792392,9.527812366,1.489566655,17.4010591,28.43883365,88.73037849
22-03-2021,Central,68.58247696,52.55202397,31.65170089,19.34409923,1.08888861,20.13044669,35.55528989,46.96122363
23-03-2021,East,77.46465062,42.69761361,43.36601428,17.84499447,1.028421543,32.01863979,22.85268005,69.87679108
24-03-2021,North,76.12149987,64.01765457,34.56978054,16.62031168,1.116482276,32.71313349,36.37927941,45.16703031
25-03-2021,South,102.8588619,47.64697544,33.0305854,26.61274231,1.893956355,22.07482152,29.14909884,79.80021591
26-03-2021,East,134.6503,52.22621042,39.25407323,15.70280907,0.660482743,25.40748229,18.03483849,80.06200248
27-03-2021,South,144.6260029,79.87914136,43.43597535,27.08417041,0.746488446,15.30808929,26.07016919,83.15864978
28-03-2021,East,112.761022,72.40673143,25.63647543,28.11921872,0.585828695,41.01811123,29.31987139,20.3824327
29-03-2021,West,110.0168895,62.36961468,45.50128481,10.24549767,0.930220228,19.60100474,12.87258551,40.87340115
30-03-2021,North,63.97884532,40.92121498,31.99706718,20.46190729,1.073655533,34.33807513,28.22225579,29.37470458
31-03-2021,South,89.14652401,63.17094851,39.82072032,18.00151755,0.860403244,29.72031443,30.8636059,51.77903385
01-04-2021,North,84.24432496,75.93985936,39.64579859,5.440980276,0.838081961,40.31674896,26.99434062,54.68147499
02-04-2021,South,87.58304803,54.36549501,34.72933882,12.77679373,1.04272146,23.66196726,24.69139395,37.913283
03-04-2021,East,96.63712363,80.26671135,29.76340254,23.87468054,0.849367653,30.49002168,24.13536708,70.64125444
04-04-2021,South,90.55818845,79.39117934,37.14313452,30.09599626,1.093052748,16.41258473,23.84338836,38.8838802
05-04-2021,North,60.41400379,84.95599248,56.25330309,24.51339071,1.334270304,14.4917853,19.12010098,79.77239627
06-04-2021,East,114.9582051,64.5786469,26.3832497,21.61816236,1.203109141,34.77066867,21.56238084,32.43615577
07-04-2021,South,78.54513949,68.8108755,56.92313019,19.89333809,1.264304004,15.71979329,22.91702977,45.70647063
08-04-2021,South,104.7849373,81.21280932,37.40278829,28.41331457,1.325775523,28.17425972,25.56747173,63.55664309
09-04-2021,Central,141.4816534,66.71090906,40.35371417,30.74119601,1.084848448,38.09036358,22.21592621,62.37345493
10-04-2021,Central,81.61230817,52.48148838,29.13289189,17.0657866,0.952407692,35.97347885,20.65435379,25.46203784
11-04-2021,East,49.39424955,53.27185745,32.28730583,10.0000672,0.768324079,24.6833161,28.7988543,79.23810285
12-04-2021,West,94.27991556,63.57832431,34.9709035,9.509062684,0.882646551,17.29197491,26.85306986,61.86454534
13-04-2021,West,122.0191927,40.64157867,29.54305029,26.60940496,0.84289434,34.07595889,22.30385232,80.89016841
14-04-2021,East,139.1669491,57.85111627,37.91082043,19.7647073,1.219501698,40.73805426,27.53139236,80.73449048
15-04-2021,North,75.40900811,76.44820677,35.92984108,20.91620955,1.104034766,24.70209537,22.73421053,58.21430833
16-04-2021,West,109.9339845,27.13119223,58.50781142,11.04674504,1.209027359,23.57349713,25.31532515,83.75470201
17-04-2021,West,90.69379086,83.01723153,28.34025814,16.23405544,0.651898943,25.8007843,29.87522027,79.38854592
18-04-2021,East,97.88103291,76.83561328,41.02690517,18.52259593,1.429524845,34.57286969,21.98129453,87.06860612
19-04-2021,Central,152.8868669,53.10353076,42.47846282,21.03919192,0.871905889,39.82814085,19.13794196,79.5348879
20-04-2021,North,69.94059343,68.15086242,29.29679451,18.00703981,0.669995007,20.08314551,24.27432708,77.48426957
21-04-2021,Central,105.0747932,60.0472159,46.86827495,14.81336901,0.868234671,18.01374553,18.18267492,52.85523365
22-04-2021,South,109.3538634,78.44985553,36.01672987,16.07716504,1.745129798,48.71997058,23.61275745,34.84217423
23-04-2021,Central,121.7157265,74.74024714,15.07610348,26.04161643,0.88368494,28.5814177,23.5968126,83.74961132
24-04-2021,Central,101.9596631,38.99893915,46.59849612,21.2239231,0.902471059,32.02314237,12.68157938,70.57844305
25-04-2021,South,106.1610108,68.8089362,28.83059116,23.06078403,0.942368596,24.46455328,27.65317582,39.72235049
26-04-2021,West,92.16702865,56.9155822,29.52225054,15.50563095,0.955413885,33.91969848,24.08655117,43.86970059
27-04-2021,West,105.3825388,61.24248856,46.87902083,5.230882573,0.76555718,37.680487,30.90948226,68.02549583
28-04-2021,South,93.13615449,49.07742149,36.52838518,17.38447847,1.042963925,32.39836937,26.0776599,53.44721158
29-04-2021,South,112.4314378,86.22205604,49.17772151,15.66714723,1.322678472,43.92686462,28.67804285,25.70377933
30-04-2021,Central,92.60779328,75.6009273,52.10166095,21.74506134,1.094286795,27.38604328,30.95019377,29.9013562
01-05-2021,North,107.5420079,48.90343254,33.5507154,36.42861857,0.66665041,27.89694022,24.34141459,72.19540785
02-05-2021,South,99.41474373,39.9808409,47.93262496,23.47583009,0.896696229,31.85125081,24.99588406,42.99986699
03-05-2021,South,122.521005,54.21491054,32.44539199,33.6798008,0.83454178,33.71969316,17.13228388,55.53545999
04-05-2021,West,98.97212553,66.51753969,62.33115917,22.84384848,1.01588184,31.8235781,31.19768873,73.66350348
05-05-2021,Central,64.53935064,63.60308766,33.07042995,16.85056881,1.399135501,19.72467978,24.271513,72.58229156
06-05-2021,West,125.23843,78.79699237,50.26087441,21.73958039,0.955335161,32.50012133,19.97134725,31.69105188
07-05-2021,South,81.88535398,71.84879583,48.43790026,28.903193,0.973553539,27.00661132,28.69861243,26.88757051
08-05-2021,East,86.92467323,74.54353539,43.16087822,29.14781298,1.533293446,25.35218389,14.10109404,61.38066051
09-05-2021,South,88.08677412,64.90283101,33.29456839,17.12331316,1.262861798,30.25985644,22.85362889,71.91430118
10-05-2021,East,127.4887619,39.16051905,38.48602508,21.26591848,1.172224385,22.3078185,29.54155521,30.43279454
11-05-2021,Central,57.28651572,57.06452203,18.46411887,12.8536656,1.587439485,20.91686941,22.81139074,46.03687011
12-05-2021,South,162.7549707,75.9013461,42.24420038,24.12334312,1.146943376,9.07624832,21.41039025,80.91945972
13-05-2021,North,121.1211362,59.22715607,43.49615331,27.7667735,0.404041857,43.97789863,22.91922601,86.09561991
14-05-2021,East,104.4647783,67.54635553,41.33499419,20.19899727,1.249799727,34.44585055,14.95035368,51.78488327
15-05-2021,East,98.90211999,55.21877527,10.26693829,16.66307973,0.522397463,29.06588703,28.57739216,25.56611538
16-05-2021,Central,105.7110815,44.55282227,27.34363555,21.80065476,1.135601611,24.6622141,24.38556979,38.03875193
17-05-2021,South,110.4224486,58.14983904,32.51909017,22.08729516,0.485876928,6.991741744,23.63837695,36.30789442
18-05-2021,East,112.9043117,64.63571165,42.91658933,20.40571916,0.859943377,24.17176899,23.65665692,36.72746044
19-05-2021,South,111.1120893,50.16468421,42.89338906,20.89357562,0.890864641,35.7269307,25.07039899,54.57171938
20-05-2021,North,101.7916136,56.46433133,38.29776208,19.13092575,0.768964268,37.53739443,28.26718685,60.82579562
21-05-2021,North,96.05323159,45.90805137,46.35245537,24.97977464,0.895344401,35.13833595,24.73968229,28.57567121
22-05-2021,East,96.97453433,76.78867376,29.73757625,23.68113723,1.309768516,31.26713565,18.19181726,82.25492046
23-05-2021,Central,96.10183439,55.58316364,46.10235006,15.08448426,0.785814126,40.43099317,27.87758061,63.39816763
24-05-2021,East,122.6754019,81.79133318,44.74742105,14.94704698,1.163542264,27.37170222,27.49284846,61.80762112
25-05-2021,South,111.8711344,82.93121776,43.77554733,18.72812791,0.710305108,38.68151133,26.02763499,89.10952989
26-05-2021,Central,41.19222731,58.78431053,38.17959569,23.68418562,0.943150127,26.92334045,30.37620653,63.97007842
27-05-2021,Central,113.1180155,44.87326901,58.30743825,20.74028707,1.09715178,22.95086953,25.15189338,85.02714045
28-05-2021,Central,103.8947239,28.71153183,44.93195688,16.78424795,0.701041475,21.95429616,30.55688044,40.03798807
29-05-2021,West,99.62582487,37.9194439,30.31664137,21.30759298,0.60648387,21.48402863,32.03605511,36.80906432
30-05-2021,West,92.22963094,39.39247763,42.48305476,18.3459474,1.147563445,35.27254423,27.91156443,56.15630808
31-05-2021,West,122.4822544,80.67704441,47.52483377,24.4024323,1.33692412,24.05803543,21.26033189,55.60262633
01-06-2021,South,118.9505292,61.73736881,34.11891401,21.66529218,0.976280494,21.73576924,24.34607141,35.85385546
02-06-2021,Central,84.54244664,65.84406786,50.89272247,18.42360906,0.862806128,35.70988176,31.19428017,68.97589598
03-06-2021,East,108.1410457,26.69368487,43.82033706,21.15759386,1.046702616,32.62376312,17.51186067,22.07436735
04-06-2021,North,80.56686531,42.03050356,16.57521662,26.5752403,1.016643976,37.70073586,23.04023166,68.34413308
05-06-2021,North,72.4076367,73.30619665,42.99671977,17.15184962,1.072870762,34.10079609,23.28517582,52.00245203
06-06-2021,Central,87.46565551,64.30161169,35.93970846,22.01328491,0.24152647,23.97510736,20.673947,68.23052576
07-06-2021,Central,117.2478694,57.79192082,45.37179815,19.6476983,0.679268713,30.60881933,29.36439475,53.39564414
08-06-2021,East,119.0625009,68.47263538,49.4421484,22.13491842,0.746430968,31.00106393,26.88407536,88.4133648
09-06-2021,East,110.2617084,84.53696709,41.95162047,16.72717529,1.045260289,22.64673073,21.44470822,43.42794658
10-06-2021,Central,114.5019157,56.68436305,56.65252234,20.55167717,1.055763365,21.16300021,28.0275646,88.78010559
11-06-2021,North,110.3235657,61.04054704,38.21293115,25.53911641,1.190854147,24.55422713,24.20791883,24.54817597
12-06-2021,West,87.1703681,62.88895378,46.24817823,15.31496509,1.077274525,46.29265885,20.54902713,67.86325423
13-06-2021,North,108.6384509,95.88164453,48.04942574,13.35297448,0.609779479,26.69804725,21.43540795,51.79534447
14-06-2021,West,116.0081905,28.50965603,39.02654031,13.54272218,1.434101385,39.86293433,27.18025537,77.54963379
15-06-2021,Central,115.0858266,70.24834522,47.78774308,14.14668735,1.381575491,26.25071592,29.69504939,75.27312488
16-06-2021,South,123.7782674,58.27796627,34.05327013,22.97661644,0.622540813,37.11071056,22.56615884,76.0147128
17-06-2021,Central,114.1660769,68.50157589,35.77431581,12.97070157,1.099811588,37.21993324,27.72220667,26.63170195
18-06-2021,West,107.0289642,50.13941169,26.8751131,18.51052328,0.821372684,37.62072406,32.90877079,77.56559899
19-06-2021,West,121.4030048,59.26552454,42.41409116,23.09144652,1.041659197,33.10261874,18.70564722,34.98281102
20-06-2021,North,99.46957482,70.67115869,43.25251676,22.0832953,1.315993084,41.01893263,26.77834936,21.79761847
21-06-2021,North,82.36250698,106.693653,51.79263159,18.0722051,1.63903128,33.02683175,29.15327846,35.24171038
22-06-2021,South,96.73866072,72.12054284,47.91140004,20.95461866,1.225383312,43.70823783,24.52425092,53.54995733
23-06-2021,East,85.1019471,47.27901603,37.15204443,20.53572665,1.088480421,17.04064157,31.19141605,71.94779519
24-06-2021,West,86.4964345,53.64360477,28.21820313,18.87879522,0.89805365,32.78628998,35.99418519,35.30427366
25-06-2021,West,97.10962659,53.19878837,44.32850403,18.94582641,1.054640461,32.26658874,26.71677674,27.91052837
26-06-2021,North,84.15160158,33.06535241,51.10753172,31.17713717,1.407931568,22.50784123,23.83205134,65.21770785
27-06-2021,South,93.84076941,55.04864712,47.55184974,24.04655452,0.986587373,34.63667377,29.88491404,88.87286255
28-06-2021,East,62.12770666,70.99243623,50.84477525,32.40325459,0.734166205,18.0793386,29.2103443,62.06092115
29-06-2021,South,104.2658741,40.88651821,37.88110469,17.51518434,0.51409304,24.76652539,12.40584523,68.37401549
30-06-2021,West,100.0241095,75.72723977,35.33381032,19.57516702,1.15391436,14.0072975,24.98632222,59.28172106
01-07-2021,North,83.65822738,67.31662232,32.63098648,13.33937117,1.074186438,42.46901214,23.02700267,74.7643911
02-07-2021,South,113.1849134,48.98650017,39.44103533,15.95216599,0.806227548,28.14760405,26.98352846,88.30630941
03-07-2021,East,118.7514028,57.87705544,39.21409204,29.50956574,1.307804238,47.33507228,24.0317086,58.08904606
04-07-2021,West,67.84880271,83.97482711,42.06677629,17.38982855,0.873466941,36.42359941,24.57411954,49.17533582
05-07-2021,Central,84.74550443,71.0032172,38.70702543,29.5964065,0.959606772,33.58478571,20.6839362,80.22401428
06-07-2021,North,84.617153,60.13175482,38.6637227,13.7831887,0.99500076,25.31017845,28.67264609,87.88098406
07-07-2021,North,81.20193798,56.43475025,32.23305947,14.73265483,0.894714177,21.62919971,33.27521111,29.04271486
08-07-2021,West,116.5894968,61.14913606,49.41619014,18.29384389,1.07075952,34.18377259,20.76164025,60.47196758
09-07-2021,South,96.12347722,52.32354663,40.76518062,19.68125039,1.345454544,29.42788793,18.01472488,75.47219948
10-07-2021,West,94.70970317,28.42875741,38.25556066,24.61543646,0.657255431,19.28583748,25.1000161,57.33375836
11-07-2021,South,59.92275271,90.63266866,32.52570747,22.25385209,1.146556042,17.86513267,24.85672169,48.64378777
12-07-2021,South,112.7083606,62.32987499,26.6808689,17.91842371,1.051647601,22.33037017,30.85466393,65.86608748
13-07-2021,East,75.2148321,65.97220898,53.07964193,19.33342097,1.046129149,44.5677378,18.85402524,38.90896662
14-07-2021,North,101.1986526,59.13138375,45.54638708,18.4046854,1.261553371,47.70622334,22.31022412,44.43936201
15-07-2021,West,105.5475388,48.97324799,23.76082157,15.42673132,1.014789228,31.63991318,14.2614838,89.45936612
16-07-2021,West,127.2131719,57.21113279,47.63142301,15.56018532,1.144068779,31.19154237,31.87491818,64.55257341
17-07-2021,West,73.82359202,36.00907857,49.2248117,25.13941946,1.214759389,27.30943703,26.25272314,81.10491088
18-07-2021,North,39.60975688,94.15629747,41.24376122,10.85917536,0.84869044,22.52411721,22.68283543,76.54379591
19-07-2021,East,103.6769909,41.48232002,55.98110896,28.08679349,1.089755038,41.00143246,18.38864261,65.65907881
20-07-2021,Central,136.0102236,44.52050574,42.16719642,18.28502887,0.924763718,44.98861115,18.84761971,78.85103577
21-07-2021,Central,124.7789271,53.39611193,25.83176472,16.13745697,0.960195466,22.85264731,27.0713345,40.10109468
22-07-2021,South,104.1931883,79.32113587,43.65169001,23.69879645,0.903381581,29.33729297,19.46287477,64.59815142
23-07-2021,North,90.16727629,60.21763499,42.44897302,27.42608292,1.141324121,26.40106959,25.52002712,61.34224427
24-07-2021,North,116.1424519,41.45796306,33.96703151,25.58816221,1.024493413,26.6380874,35.21472431,63.56937206
25-07-2021,West,80.52907601,78.81507541,45.73558837,22.50926025,1.11836321,39.48726604,23.26206189,31.8042349
26-07-2021,East,109.5271554,70.9650094,23.32334734,25.43431745,0.994744791,19.50430764,20.19277778,39.4070128
27-07-2021,Central,110.1094032,68.07652436,49.90566827,11.41751211,0.518763696,33.73175753,26.91003603,40.06608232
28-07-2021,Central,121.2041981,70.73601362,31.21878296,17.39084729,1.009410525,35.82590486,18.8710413,62.13623138
29-07-2021,North,155.1932008,95.91542851,30.15053875,15.4441497,1.019061387,28.86279061,33.59992265,88.07828163
30-07-2021,South,107.8483193,92.77642343,38.86175228,26.12319366,1.072778781,37.14454262,32.01809834,86.78472858
31-07-2021,South,89.82072749,49.69926985,44.32972928,18.08260991,0.821881242,31.18121472,24.17914191,35.90326871
01-08-2021,North,99.48851376,84.35827489,41.63924064,24.22703278,0.641359085,39.73703937,20.51353409,41.33916701
02-08-2021,East,64.6184819,65.74752285,32.57340834,22.67928471,1.187381993,17.82235756,22.87115064,22.52433246
03-08-2021,Central,86.10573738,67.48643724,34.93910709,15.68846532,0.917918033,27.20979791,23.52167194,47.91709129
04-08-2021,Central,91.81435124,34.61593753,28.66957653,17.06520895,1.051373214,29.42549486,26.91783566,78.42718852
05-08-2021,East,89.51823204,57.44421352,37.75320098,26.46908845,0.915561976,8.622340924,30.19816165,84.10262173
06-08-2021,West,103.0470974,47.80764614,50.75021215,16.12258676,0.998181452,21.31237813,19.81743685,36.55475357
07-08-2021,West,83.55160135,72.42088222,39.95737062,20.62433805,0.865214396,23.49120597,30.05454783,38.60561314
08-08-2021,West,122.4206133,76.06620751,48.59414255,16.08729357,0.709574923,37.58564796,28.08842806,35.45948716
09-08-2021,West,100.0041413,28.88270473,54.55401338,18.43023907,1.142119498,24.34525323,22.46105255,44.50724973
10-08-2021,Central,99.81399358,59.66947704,34.11981481,19.76919028,0.819063974,23.4553681,19.56644052,76.3331579
11-08-2021,South,93.44210567,76.82792257,38.13426747,16.08566745,1.049185444,36.53988625,25.58116359,65.28002289
12-08-2021,North,103.1038137,57.19981557,61.71192861,15.19776523,1.123138067,17.05671483,19.70205758,75.01586425
13-08-2021,West,116.5019653,70.93595468,54.44343412,21.43136668,0.823956185,13.43004746,30.11840425,60.81217744
14-08-2021,West,82.65739569,65.26748201,23.27595474,15.77631296,0.63883431,27.1072616,19.38058614,38.04131546
15-08-2021,South,86.83767022,65.12490348,43.87148316,15.94671222,1.727825684,18.41834586,27.73853097,35.95959261
16-08-2021,South,93.92547942,55.93027533,40.00559992,15.30473428,0.841668437,18.72256564,24.59691818,20.63004941
17-08-2021,Central,73.08258153,41.75128794,48.26453111,19.61045977,1.187025148,34.58747033,22.19687558,74.66874958
18-08-2021,East,83.61484281,43.17704779,32.55021233,24.71850817,1.581839065,37.0077907,24.48584247,79.29848583
19-08-2021,Central,90.47558253,70.64028772,31.60391628,27.53264318,1.236972324,36.31091373,30.39991585,73.77978197
20-08-2021,South,117.4877836,60.29187383,33.23929285,16.37040957,0.909867157,38.87021328,19.03871296,25.20814404
21-08-2021,South,105.2512266,57.92231633,34.28071454,30.75155397,0.979865084,39.92907456,22.93921722,73.3555139
22-08-2021,West,103.8717982,53.64164937,48.15324167,14.9764757,0.750217834,12.97127833,21.24128218,23.20372172
23-08-2021,East,117.0179592,55.42216732,28.18798827,25.41774262,1.264508928,33.60329568,24.80691433,27.3915146
24-08-2021,South,97.25256423,75.70367692,33.773861,16.39151773,1.169881212,25.7631344,21.57659554,50.83327611
25-08-2021,Central,107.809297,54.97133877,22.10987609,15.64538365,0.845672255,24.02060603,16.15959379,53.33029062
26-08-2021,East,97.93556494,39.8840293,50.07117823,16.27621922,0.687347558,34.48331706,19.72431227,77.12830456
27-08-2021,East,105.307247,71.15477663,52.71030099,19.7377615,0.603629879,16.15763616,33.18877509,67.56688244
28-08-2021,East,88.34482685,56.92685004,36.72926569,22.89986086,1.295954201,15.99113115,26.23364106,30.7324125
29-08-2021,North,51.22365683,60.47093798,37.02050635,23.34934019,1.036111939,35.06858195,26.06181027,35.83027483
30-08-2021,South,97.31441676,84.1136746,44.53221902,15.28007492,1.064495361,33.90228814,23.58693805,39.99726318
31-08-2021,West,128.4549627,59.69159164,54.74482007,15.05170356,0.753115412,31.09386125,24.74187288,28.65708462
01-09-2021,East,118.524308,64.3377551,44.08610748,15.41680653,0.560949069,22.96069276,22.85094039,40.13514205
02-09-2021,South,119.3079497,42.31614763,33.02458058,19.44322799,1.288784072,35.95063708,27.63464266,71.00187089
03-09-2021,Central,124.7226144,56.70495821,23.81177428,18.94922198,1.012611711,35.44242314,25.50404427,36.89810291
04-09-2021,East,101.7731518,69.14289068,28.84873737,15.24912269,1.272170398,30.68243612,19.14365895,78.47517529
05-09-2021,Central,103.9463141,36.66939399,40.7321945,21.34801847,0.884220062,20.58143167,26.26862252,52.86618966
06-09-2021,Central,87.64696209,63.0126764,33.44672477,31.31284404,0.928954647,26.59801323,12.70629038,42.60550329
07-09-2021,South,93.67854288,61.51186609,41.94967706,17.47642269,1.213989453,36.70266942,27.069296,48.86926732
08-09-2021,East,112.315423,60.61931183,34.47075984,17.83244089,1.219704424,40.61752978,17.95321572,69.66477184
09-09-2021,North,124.0776887,75.55738348,29.41853569,22.79830785,1.239269687,27.38770717,24.51972457,56.17548923
10-09-2021,Central,97.21107449,65.01657772,28.22968369,17.20591854,0.911439624,28.00261626,19.02686198,20.50950648
11-09-2021,Central,90.9962147,82.17107848,55.62354509,23.34482241,1.184364171,28.70648714,25.014116,84.56266926
12-09-2021,North,100.0105592,45.09615727,48.88987749,16.40728647,1.33272984,32.19914407,27.8913926,24.61972021
13-09-2021,South,112.024135,62.03886851,57.30517952,29.16059804,0.968568396,25.3514616,32.51413543,85.70349442
14-09-2021,South,71.12290368,61.2670018,45.39950901,21.72387486,0.845953491,6.846519539,17.29321172,21.97069765
15-09-2021,East,54.07638094,43.96118259,35.70008591,16.89988525,1.402824281,39.54215201,29.87736478,73.96855345
16-09-2021,Central,88.98926301,74.34442503,53.23340922,17.0565415,0.80366628,44.35751158,25.65576353,57.42722957
17-09-2021,Central,75.58575148,94.87009959,39.66931999,17.43100124,1.188842949,25.10080112,22.74666424,55.40083264
18-09-2021,Central,89.83719605,59.74490888,42.2084177,26.86374833,0.982473307,21.46677305,28.79928253,25.09449518
19-09-2021,East,97.04439362,67.57531632,39.57175621,13.65624496,0.447530315,28.90319582,23.82037574,36.71215072
20-09-2021,Central,90.93503182,61.26777714,10.53095781,16.66029165,1.33857822,28.49996893,28.58765258,74.42831219
21-09-2021,West,129.0493507,49.29622995,56.04735012,17.19169722,0.172643911,37.96414862,20.03865143,82.38818809
22-09-2021,North,106.5348953,32.68859583,44.91003946,19.92156017,0.40476158,30.43711553,21.83501484,57.03830767
23-09-2021,West,106.0094872,49.41339775,43.29823061,18.64445154,1.158199024,23.65901736,29.71800026,44.73403775
24-09-2021,East,112.4441429,39.12062429,39.38223938,12.54386084,1.15812136,19.4527244,32.42700262,24.19602456
25-09-2021,West,77.22333764,85.56153117,41.6342782,18.00088658,0.808726043,36.92507348,24.8248405,67.75249682
26-09-2021,North,120.7822357,58.27335459,34.02721064,19.50224658,1.044346627,34.79608993,11.06355537,39.49126275
27-09-2021,North,98.48471427,54.81121006,46.16579352,16.85951082,0.240570986,38.48447902,24.00475359,23.85096005
28-09-2021,North,113.4096123,73.33730737,26.92901656,23.43387745,1.212092639,22.25450599,25.16213059,66.60962104
29-09-2021,Central,78.56285534,43.17373346,41.86068432,24.59704214,1.074917646,44.7074952,23.83613312,54.00038555
30-09-2021,East,68.92482468,48.49703943,45.61573471,19.6080665,0.986307144,16.05044394,26.68169281,20.83735048
01-10-2021,West,116.3577932,61.02108404,38.01330866,21.15270793,1.006252445,35.67680817,22.61545036,27.76468274
02-10-2021,East,107.5281905,75.43153487,43.70867792,9.194720013,1.147976253,14.72333786,29.1943543,68.94413505
03-10-2021,East,81.95896891,67.52527568,30.08665608,17.89448614,0.991329543,23.67734895,19.16643364,24.45699331
04-10-2021,West,82.60673837,63.72487714,30.34173229,25.02410846,0.437783349,42.48818344,31.18424354,80.61741454
05-10-2021,South,122.5086957,61.17176603,42.36717121,17.88281708,1.65889967,36.65091404,32.75039412,41.79283942
06-10-2021,Central,76.21176214,66.00353783,46.78549655,16.31369162,1.360240246,25.63023668,20.43470131,26.20665293
07-10-2021,East,132.8534591,63.02479358,21.25134344,31.38844463,0.614516601,25.84930366,20.43200087,73.18301647
08-10-2021,Central,81.98758531,44.55041588,45.22020635,29.09538595,0.896458831,30.80497689,27.05347657,56.70990641
09-10-2021,North,112.7678385,60.69118832,34.567985,22.33787456,0.929189743,34.11312793,19.06389795,41.46480227
10-10-2021,East,93.42763049,43.89467012,38.07193913,25.69455306,1.32365487,40.01263506,22.53698564,48.42688392
11-10-2021,South,112.0637486,61.21623814,26.60482076,8.87032291,0.352219319,26.35012796,30.51263478,21.49886769
12-10-2021,Central,89.11771996,52.79028088,31.4838276,16.0622428,0.850297521,17.10571949,28.68803382,66.38889763
13-10-2021,Central,96.74414188,98.09072434,49.66125326,17.65021063,0.471809067,31.25574902,34.90098171,45.60415823
14-10-2021,Central,100.8183835,59.40158424,40.32863374,18.82009951,0.914471345,26.3405533,25.85392074,69.98262988
15-10-2021,North,79.95625088,38.93640651,36.17221598,17.5502799,0.858249732,19.59493036,21.94580999,63.97198022
16-10-2021,South,114.8164869,57.98729684,38.83511647,7.249868542,1.02390822,32.38135132,25.25621756,65.58779301
17-10-2021,East,89.73572867,67.79038118,44.89211825,21.93012309,0.81853768,28.29508997,24.2470583,75.50248977
18-10-2021,South,95.42800169,85.10045919,44.40494496,22.71827064,0.774692983,32.45209765,24.31721445,64.18106549
19-10-2021,West,80.11301251,51.158214,39.24973,28.00949396,1.185897008,22.8444464,24.88098146,49.31081505
20-10-2021,West,48.75332682,36.26358039,50.92959111,16.05845368,1.136401822,33.89368424,20.34116646,47.29492932
21-10-2021,North,96.17944475,72.25255517,49.70462637,15.64918421,1.165419503,19.46321443,26.41108877,28.37074747
22-10-2021,East,148.2523084,39.29101941,44.13372029,6.60007757,0.946929973,23.37814888,17.95668366,74.56103892
23-10-2021,Central,115.6920858,53.45766838,40.54611783,18.53216582,0.828478425,28.05668615,21.41586696,73.27759092
24-10-2021,South,99.61479241,56.13569272,46.57321095,24.50555891,0.964344255,43.93454732,24.40560618,37.2408857
25-10-2021,North,94.74218342,58.9554982,43.14267422,16.94116069,1.150348621,36.27860295,13.70223344,80.38773389
26-10-2021,South,100.4493179,70.33746686,50.60800072,30.71722409,0.34696609,38.61754003,28.84495768,61.23022805
27-10-2021,Central,110.9423823,49.74548577,48.99561377,18.71702582,1.118233579,41.33661627,14.73422745,53.50807897
28-10-2021,East,76.38374369,55.89406122,29.81746099,20.73496142,1.092741456,58.82265709,28.34793845,21.22474111
29-10-2021,South,122.2864339,59.78594471,29.14036829,13.1844846,1.018645272,30.33271254,18.53595355,46.79188301
30-10-2021,South,114.3076263,62.24396936,32.98750456,21.43610173,0.955205973,41.36320739,22.97540655,64.84695378
31-10-2021,East,114.3637145,61.46740762,49.7613869,10.10340103,0.230164184,38.10108204,27.59565323,26.28234864
01-11-2021,East,108.7695148,66.54008663,24.23691003,23.46848978,0.868044021,37.96826003,35.9906976,52.16971162
02-11-2021,East,100.3923332,72.65759264,43.94757389,23.62214088,1.536831613,44.19391694,25.58225989,89.5405166
03-11-2021,North,113.4572247,65.88951173,43.62543091,26.79645712,1.003870389,26.64549575,15.08686836,70.1577046
04-11-2021,East,111.8362827,66.80378285,51.62648059,14.90015641,0.907813048,26.01051981,29.76847566,58.28096213
05-11-2021,East,92.91918578,36.2666525,41.80338691,20.80281059,1.005071859,32.55812411,23.84040798,57.31230195
06-11-2021,Central,88.52796454,60.75341549,26.56790609,22.8190828,1.106431861,28.53840182,25.34953327,23.06355576
07-11-2021,North,102.0371259,67.19261322,30.40645039,22.21140819,1.197646073,32.54800682,27.78931515,87.01201062
08-11-2021,East,130.980403,70.93411792,28.18004478,15.67350362,0.931335951,42.50199028,13.87311022,84.97243622
09-11-2021,South,75.21785849,49.61473839,34.62056034,8.040090552,1.127475881,26.17482622,25.03268424,67.76832975
10-11-2021,North,70.64949468,50.11441088,38.17098433,21.73480148,1.502995241,27.5625683,22.95153055,26.93081548
11-11-2021,South,103.2952168,51.38848987,28.34558474,19.23750161,1.30187524,31.39448803,31.10917453,34.54837277
12-11-2021,North,101.017754,68.0462085,54.70661991,17.16664704,1.702090065,28.17345259,28.63556882,32.87366751
13-11-2021,North,103.4668333,75.50821582,26.74718628,23.81972682,0.802968892,14.68795338,16.86499039,56.37049396
14-11-2021,North,104.879064,53.88809839,53.46103424,19.77540231,1.502856852,25.35897886,31.31312926,34.54627122
15-11-2021,West,95.53595491,73.6194347,51.85163031,13.40402474,0.762797908,35.49898594,27.24762544,68.70603931
16-11-2021,West,129.7972688,61.85219714,48.9830255,10.34273855,1.106069844,41.50037401,17.26379201,58.16609202
17-11-2021,Central,67.98192043,58.13571334,33.06233393,14.35518367,1.219742959,20.76305146,25.27876552,21.23607239
18-11-2021,Central,83.4300595,56.82923655,43.42450879,31.96506147,0.846766842,20.72574081,30.17413057,72.08400659
19-11-2021,Central,97.9349048,71.19917047,27.22628866,23.61388387,1.026389283,30.24187042,18.92978064,33.21801157
20-11-2021,North,67.13622378,64.88366725,49.10907035,20.94306171,1.273138331,13.39523948,31.88788668,77.74195838
21-11-2021,Central,96.48291191,94.13738141,39.26015218,19.09169536,0.786918731,26.44023838,17.43685613,44.8531806
22-11-2021,East,133.2294033,47.21663036,35.90679785,18.7630353,1.500815038,16.11166352,21.04386412,43.7033776
23-11-2021,North,100.4177298,67.77152553,27.76255153,25.83597992,0.584621013,40.9524904,20.28564582,20.8272135
24-11-2021,West,104.6140181,52.06198485,15.22493881,17.54702129,1.581907433,23.84535077,31.88466866,89.1410288
25-11-2021,South,74.7967047,46.9606952,29.61459143,22.88460205,1.30039784,43.22267349,22.54491932,62.84030374
26-11-2021,East,87.67277184,59.83699294,51.12798196,18.25786025,0.973082327,38.90817083,19.18591499,49.59111163
27-11-2021,North,92.49607239,62.06028719,35.97166572,29.70078316,0.879199537,24.82946162,27.22605439,26.76349831
28-11-2021,North,93.64569806,103.7726033,38.30671143,23.71144254,0.847891521,21.42432291,28.30590495,68.94036449
29-11-2021,North,125.6328759,57.23781276,46.55554358,26.22778407,0.959261308,28.45163401,28.33768047,39.7911329
30-11-2021,West,111.1538212,43.04731906,58.05668878,17.07795113,0.985451242,29.16282701,23.64330417,89.17965729
01-12-2021,West,77.77084086,64.09516076,53.25004655,25.29068056,1.376567874,32.76917555,26.27267151,86.53831514
02-12-2021,Central,104.9300956,28.88039944,30.27664996,18.43711287,1.59059623,23.78765368,21.74883457,71.47076752
03-12-2021,Central,109.964435,58.62064826,20.57429429,20.55017412,1.059813976,35.97115899,33.37400839,87.97503512
04-12-2021,Central,122.8029808,60.24037923,63.59614259,28.17523835,0.746311454,32.12262444,30.72102579,27.39437037
05-12-2021,Central,131.6108137,71.91900574,62.68991612,14.78612472,0.836282188,27.27683875,30.41478415,39.59407524
06-12-2021,North,79.69811616,74.60433374,41.88453596,21.01623866,0.945072765,24.30367476,28.97057967,37.72703022
07-12-2021,North,83.78284978,52.44645572,27.29511754,22.19002629,0.690963368,28.52092014,27.59866653,25.04088609
08-12-2021,North,74.84844282,57.74078978,49.63226534,22.6000219,0.646317579,23.46478999,18.77818758,88.05586186
09-12-2021,East,95.31960282,48.50818754,38.92016314,17.74607753,1.629138164,30.46750956,28.16650618,24.19818607
10-12-2021,North,109.3271675,43.07906168,38.87018877,30.4313205,1.090784058,30.68350948,25.57132615,79.96822328
11-12-2021,East,119.7466903,64.64842169,48.94458843,13.52534057,0.75006006,32.09365827,31.31682042,73.77129972
12-12-2021,East,98.48097953,40.89621677,43.34374747,27.29442694,1.244981071,44.12993928,29.03709591,46.31069612
13-12-2021,Central,93.60304953,53.78059649,28.14185089,26.07532803,0.646496163,28.94044224,27.75190235,21.31651538
14-12-2021,East,103.0351598,45.0723906,36.75258065,29.50444395,0.671196386,38.03678294,16.57887601,20.42671335
15-12-2021,South,83.29714197,68.24524779,46.61152929,12.05886451,0.75908728,31.83669918,24.55499732,34.27956885
16-12-2021,South,141.7907744,87.02145149,45.10252222,15.65584256,1.496353984,28.09404558,22.2105387,54.5713606
17-12-2021,North,67.84677946,40.47618026,42.62016574,27.4597153,0.92413598,29.04672584,26.26182962,52.05369847
18-12-2021,East,103.6948116,32.20472276,49.33422954,10.61480423,0.267487904,29.52938873,22.92225864,60.97048036
19-12-2021,South,140.4721244,58.12669672,36.38283012,11.96770549,1.36301978,32.23814166,23.62027112,74.03715168
20-12-2021,Central,100.1359969,60.23546694,41.78669775,17.55846107,0.908085591,22.32543388,27.29516952,46.41482304
21-12-2021,East,96.1992193,63.2798896,6.244208998,20.95996894,0.445177598,18.27727693,22.83930943,31.22545869
22-12-2021,East,92.85109154,53.30519227,35.50349806,27.96112537,0.904994954,35.23437915,25.6079577,76.00342418
23-12-2021,North,96.39216636,56.99041052,47.63902909,19.07367043,1.156301169,37.18499066,17.40294055,43.28834769
24-12-2021,South,127.4569695,65.51265616,36.09605533,16.95880426,1.12121475,35.96508666,20.83799262,40.08173285
25-12-2021,North,55.76276177,75.60646339,35.33772608,21.55694969,1.539524494,31.23977615,28.28021784,73.50184269
26-12-2021,Central,130.668674,30.67426845,29.58547048,22.34798242,0.744169641,36.13779702,18.84903942,85.38976067
27-12-2021,West,71.52085695,54.46590841,50.03365893,22.20619911,1.014016036,35.70743221,31.22862539,84.04728974
28-12-2021,West,94.66695342,63.20713191,45.48463274,19.11006896,0.790129216,36.30103487,29.87199678,29.62096981
29-12-2021,West,91.41511159,46.23035843,48.25414598,10.22456943,0.537342132,23.12367343,23.65885032,55.22107074
30-12-2021,East,111.7710654,85.96754448,22.73786038,15.41192005,1.265658212,21.22438562,39.99367053,26.50091986
01-01-2020,Central,68.03751296,50.4688518,38.39549957,27.10135543,1.138980871,26.89144603,31.21551789,87.26831712
02-01-2020,North,109.2434533,59.38060969,37.19888992,20.93534469,1.085103535,29.86092712,20.25360247,35.06595201
03-01-2020,North,140.4861925,68.34033145,37.19428293,18.3873894,1.128037058,28.06463098,28.73087027,33.82007023
04-01-2020,East,72.73651991,51.13072817,33.83972456,25.59084274,0.794358144,14.98647735,25.32931533,82.22199711
05-01-2020,North,103.7941234,32.30140428,36.53895728,14.34941684,0.698291474,43.7735409,21.11643955,87.74953886
06-01-2020,East,86.76035644,53.5701821,48.49644783,18.87325933,1.011294212,27.80763209,19.65045428,68.83425815
07-01-2020,West,108.5177441,75.44160834,20.87148647,20.68879203,1.348363421,31.38163533,29.97446667,28.47035236
08-01-2020,East,100.3829555,54.9465731,57.77294768,17.79311248,1.482423141,39.95639193,22.01027268,54.00989274
09-01-2020,West,87.17026182,47.30348548,44.83841125,20.50381411,1.238629812,11.24022184,24.49061822,77.16235658
10-01-2020,South,109.7574457,73.88508314,39.57668104,19.06153034,1.008752328,25.90644902,20.39487036,60.07340286
11-01-2020,East,136.0869622,55.03837656,49.06834146,13.00328476,1.080935179,26.90306181,21.25921031,29.28163983
12-01-2020,East,96.18192417,52.3475878,25.48165255,20.90738941,1.003478158,27.30951964,24.365354,32.03214247
13-01-2020,North,114.3951588,62.24184134,33.35299095,13.35824104,0.692216998,28.61210727,26.94091146,80.48991731
14-01-2020,West,74.13454084,71.56125314,38.78924568,20.82807563,1.007394213,41.57707839,12.05820418,56.89204146
15-01-2020,South,80.87127246,95.72570298,53.6556037,26.87067912,0.599551955,35.38767101,25.084599,69.40857416
16-01-2020,West,109.4481256,72.40854161,39.53503419,18.59488401,0.962776832,37.66428215,21.26939494,46.11437684
17-01-2020,Central,129.6823206,77.3975995,44.50054671,14.14258435,1.490831533,30.37696217,32.01181327,57.2739908
18-01-2020,South,107.112267,52.41050702,34.10421004,19.36506093,1.246857767,18.80501563,39.71376323,88.39721983
19-01-2020,East,93.73883939,44.61197841,44.86842069,15.84014446,0.723064245,13.36242372,23.20360483,43.07921259
20-01-2020,North,99.98582811,60.93497024,56.77239593,22.97254501,0.978271279,17.76473821,16.3888572,67.23519693
21-01-2020,South,74.99184532,61.60754873,49.95526692,19.26005626,0.749687106,32.87812563,25.58438485,32.075389
22-01-2020,South,112.0903065,43.82230888,39.18544012,28.54881626,0.98124587,30.2541577,23.97285335,28.52179197
23-01-2020,Central,117.6466612,57.37058205,46.75490847,25.81494798,1.312332345,28.31869082,34.85675325,74.85480779
24-01-2020,North,90.95819334,65.98976403,45.77516955,19.23459748,1.195902381,27.05138475,33.33294672,79.0875747
25-01-2020,East,90.59915704,65.40590093,45.06587672,23.57804534,1.745243224,46.0937726,29.32687485,66.78181867
26-01-2020,North,105.3175646,67.5643178,51.11953361,18.03381795,1.357743221,23.41677127,22.06652959,31.07370863
27-01-2020,East,91.26560528,64.36447095,51.04477704,20.16978443,1.061200114,37.42255565,28.38883283,36.84115759
28-01-2020,Central,98.67734771,52.39487011,38.72841403,18.19282902,1.203144992,30.01530349,26.3250318,83.78229957
29-01-2020,North,141.9944358,52.2914906,46.41879061,23.8322798,0.939267048,29.51248391,26.20661602,40.20928342
30-01-2020,Central,95.05948599,42.01572903,36.16905079,27.16494138,0.661748726,39.41310039,17.20885076,77.32023613
31-01-2020,East,92.83319696,86.77162559,30.76927604,23.99324104,1.391732973,41.70024306,30.30897669,40.01561022
01-02-2020,West,87.04916389,60.20175547,37.30506244,24.60968301,1.302697443,28.08360434,25.53904164,85.76237985
02-02-2020,North,114.8838394,56.62720416,39.23721848,24.61516719,0.927683736,36.39362175,24.49579326,84.0117039
03-02-2020,East,96.37551654,46.06811878,23.38419011,22.75627961,1.082180721,32.9111309,21.99921752,23.02842215
04-02-2020,East,87.01253923,104.0348685,48.60332559,14.3035692,1.372281756,30.05949711,21.0319175,73.92897908
05-02-2020,East,126.4260806,43.90007952,12.32674577,28.5048576,1.253905428,31.63403954,26.58629291,31.86232322
06-02-2020,South,128.3920601,53.56728112,67.14816939,29.02205413,0.561069625,24.49592948,16.25418599,35.06901381
07-02-2020,Central,87.99152869,66.23755254,55.01879134,18.83060198,1.073086006,27.55120485,28.9474938,52.18916486
08-02-2020,East,62.66920097,69.00319449,37.38991276,18.14651042,0.949710542,25.35491776,19.72947282,60.34227048
09-02-2020,Central,120.1502738,74.36898083,40.09426361,23.06205826,1.33390021,37.21101373,14.70659657,42.80598033
10-02-2020,South,86.30740348,87.11412762,43.02971874,22.75406418,1.309312822,29.23839108,34.10947658,60.27683559
11-02-2020,North,115.812512,67.59236483,34.10839612,18.99026966,1.395582348,19.6182878,20.70956475,31.94608599
12-02-2020,North,60.59792365,44.159538,41.92619148,13.74987172,0.664631698,24.21250221,21.38920419,21.56363581
13-02-2020,South,117.8519468,56.14582312,38.56000022,21.52850595,0.76476654,4.405882838,30.67269166,59.98570719
14-02-2020,Central,75.77656141,64.61748559,39.05727283,22.75718269,1.334224731,26.04405918,34.2721545,56.2190682
15-02-2020,North,114.6152824,91.02339062,41.81461063,23.62910574,0.822506255,30.30116052,17.33499211,68.27577749
16-02-2020,West,100.2854614,39.03291782,26.86472202,21.74646386,0.543570106,28.91091321,20.2191597,65.48754434
17-02-2020,East,80.92121161,78.03864758,40.39569724,18.64442426,1.159778946,45.84123481,20.58660589,82.82404662
18-02-2020,North,91.85927374,62.69871554,41.63447747,24.9700102,0.835834468,34.59924833,29.67400831,52.16280341
19-02-2020,North,113.7263691,72.56745803,41.28849621,20.32924249,1.536937231,34.24361482,33.19566064,20.58586323
20-02-2020,West,102.1178891,58.47007925,37.84169245,17.67538493,1.088855366,16.85384772,19.59873719,64.14568771
21-02-2020,South,111.6882596,47.36351055,51.37857776,19.09673309,1.048077786,27.08286357,32.07372669,67.25927007
22-02-2020,Central,139.5288117,71.26309169,36.46347445,11.27015484,0.889226833,26.10669754,21.45482944,56.50464926
23-02-2020,West,68.71516777,69.81646541,42.27325907,19.08879088,1.4772506,23.71135041,26.68061451,68.25134092
24-02-2020,East,132.3442515,74.58085449,52.97297534,23.4421826,1.107566338,23.60095468,18.6427315,42.65086693
25-02-2020,West,102.0871188,59.80043047,39.2062386,21.69891511,0.877450145,15.53501637,24.39034793,30.41658122
26-02-2020,Central,82.02431903,51.00266965,42.14463267,27.60332086,0.761774888,19.79317436,24.44443643,66.51875648
27-02-2020,Central,73.39372749,36.61819507,39.03615364,18.68512543,0.977958084,36.99274722,23.42420847,37.16305005
28-02-2020,North,96.21759218,72.29059902,52.37369794,22.43656582,0.706705949,28.85668246,26.92485491,51.94211365
29-02-2020,Central,118.4330022,66.35834224,37.42275438,23.96370088,1.308663233,25.94878065,19.96484568,54.41359114
01-03-2020,West,97.44901759,45.51326051,52.83354577,31.71428504,0.457497384,29.95670932,20.58138351,53.40396853
02-03-2020,South,130.2230986,51.9213949,38.96412105,20.72382746,0.958145792,39.33912543,27.18936072,61.89144006
03-03-2020,Central,70.9764862,52.99861782,31.40540277,14.77906411,1.183040064,30.03368417,31.71017665,22.06175962
04-03-2020,Central,99.75822104,37.75523352,46.79373171,24.23964377,1.102635826,34.32299305,24.88593153,89.27777465
05-03-2020,Central,74.95213111,47.73476405,36.95332166,29.32863678,0.784815108,23.22716126,27.51835387,70.14173318
06-03-2020,South,107.2726377,42.99254465,46.20500899,18.38725645,1.198077612,25.05096039,28.79040005,49.77714473
07-03-2020,East,117.7377478,53.81281482,12.70595615,24.20540769,0.734188183,32.83181508,29.15252594,33.39310212
08-03-2020,West,91.58476413,48.91953753,40.05205262,26.14364028,0.993284603,45.14122967,20.23237637,25.61241257
09-03-2020,Central,47.91572287,35.59492619,35.40394701,25.08532772,1.195552472,41.43819888,21.11494885,67.05332944
10-03-2020,West,103.9789629,90.33885346,29.36741313,20.62779261,1.138873834,34.66262456,21.54962703,42.18689305
11-03-2020,East,108.734771,78.78811097,34.46758998,16.50763121,0.797488297,31.21147008,34.643169,36.06349208
12-03-2020,East,108.0858951,48.31470868,34.26296856,19.59360226,1.359248355,41.20855485,27.5409647,46.5968071
13-03-2020,West,124.7156438,64.08632095,39.52014205,22.29300227,1.026008371,36.35742658,27.3165786,61.50461615
14-03-2020,Central,78.57892641,66.26197635,26.32673539,24.54111262,1.222898623,11.65070382,26.83117877,67.01936517
15-03-2020,North,113.6043221,77.86628782,43.1627378,21.66972524,1.458730302,21.56855322,18.39603298,65.16190485
16-03-2020,South,123.8501502,47.7209246,53.66214785,18.10046017,1.335256165,32.7051226,34.69095235,80.42859084
17-03-2020,South,64.42824832,76.38160176,42.80928497,22.77689828,1.336038822,15.70425948,27.39593765,35.31302017
18-03-2020,South,106.3930365,51.78142044,48.08988609,24.30042534,1.057803979,22.81928796,28.61580056,64.57223142
19-03-2020,South,89.91640338,39.96206394,50.94562455,21.89805028,1.238180536,24.40148045,16.17239356,27.07800633
20-03-2020,East,98.36954654,70.86204839,52.36489512,15.81906443,1.064078972,27.95067275,28.89821926,58.35542829
21-03-2020,Central,106.9535297,79.36137636,58.70138693,19.09296983,0.63720266,27.70055833,23.21893775,60.87708817
22-03-2020,Central,90.25542872,98.8186346,35.00798002,24.73910388,1.090823138,27.68703658,18.38608513,35.13661093
23-03-2020,West,86.48583842,42.00412102,32.81516015,13.08491096,1.076908295,36.60246014,20.23118167,47.4185191
24-03-2020,North,100.6830483,70.48379528,47.83465648,9.534109888,1.175118808,27.87820908,18.67552896,77.90350227
25-03-2020,South,78.25508122,53.85298134,47.0826622,27.54041425,0.961600907,26.92295894,18.59107902,30.38863376
26-03-2020,West,78.28349742,71.75038066,47.756753,22.55707628,0.771563333,19.20662317,25.3027391,50.41543383
27-03-2020,Central,113.5874657,37.94265673,58.89282454,23.03365001,1.196951825,38.19476962,23.06618606,85.29131498
28-03-2020,North,77.0241193,41.05845336,40.11369909,14.61591513,0.606018314,24.62801989,26.67034681,55.28762494
29-03-2020,East,113.32625,48.36187765,44.2615656,23.68764032,1.437645741,21.30375738,33.37987936,70.75935983
30-03-2020,South,109.2518259,61.18446069,30.19611749,21.37624344,0.930574582,31.7047246,24.35248143,77.88062277
31-03-2020,South,65.48386542,50.383781,61.35321124,12.07836211,1.073658452,23.8644699,13.77555353,34.26420624
01-04-2020,Central,86.44870695,69.88581516,36.63455079,27.12141707,1.167567446,25.79237808,23.79020894,35.27520649
02-04-2020,Central,123.8821881,75.40341927,36.91784072,20.79341662,1.177206413,32.06768139,30.96697218,73.10140193
03-04-2020,South,80.37668938,68.99366312,36.53250109,18.01958017,0.57730471,27.38813901,24.57030264,72.73147167
04-04-2020,North,90.71191475,84.28181459,33.55104141,18.11005127,1.247225974,48.492875,32.64665327,24.21283244
05-04-2020,East,109.2412179,66.23739944,32.70562951,9.923890473,1.090946149,29.40137165,27.26470797,42.57487685
06-04-2020,West,115.6678102,41.74654934,34.76295717,22.966683,0.809421585,34.94270575,15.80865133,47.89727443
07-04-2020,South,94.96922228,80.4506477,26.34204072,21.30928604,0.775099915,14.46644762,25.54791125,78.03282824
08-04-2020,East,88.04979611,50.92265647,32.1468208,19.02959934,0.899784075,23.11480694,26.48500647,49.53035788
09-04-2020,West,128.4473972,73.6562775,59.48963111,26.39242604,0.610377494,21.30469044,30.40177901,84.81502233
10-04-2020,South,134.7779933,83.60601325,47.35655144,13.08070491,1.516680217,22.36496221,34.09818286,89.7625444
11-04-2020,West,119.577161,66.85032016,49.25904177,17.01613762,1.445845398,33.32430395,29.5386276,74.6508316
12-04-2020,South,101.7063629,37.5576178,51.77208787,15.74995873,1.13551006,38.28452054,27.20239899,66.64706827
13-04-2020,South,83.83468557,46.2268175,58.34134564,18.6060251,0.932980475,32.75704404,28.38094136,47.43280162
14-04-2020,South,83.39111187,79.841167,22.28577449,20.33735013,0.940867604,28.18684301,24.15996597,24.69276122
15-04-2020,North,110.4502821,57.46315972,27.70116885,22.15006762,1.227419712,24.95315969,17.68561082,60.11971295
16-04-2020,West,108.3679644,61.19360302,31.96276339,18.26513273,1.52734807,38.90879801,25.20748043,45.31934339
17-04-2020,West,128.0319719,71.38236624,35.30270204,15.61322132,0.828880978,46.57004363,26.82645164,44.56286531
18-04-2020,East,113.0090019,70.44484293,36.99430609,28.43003475,0.664724187,31.08044564,18.98171187,68.13964769
19-04-2020,East,69.93839396,64.18199719,35.53022447,32.05820096,1.464292232,37.51490451,31.6331082,52.4547551
20-04-2020,East,121.0389524,56.86997443,42.19308913,20.71643336,0.463858424,32.7469628,30.02705508,72.64656913
21-04-2020,East,80.03878745,55.30997331,40.35295391,16.21609816,0.697440758,36.04403925,18.14119292,47.87212559
22-04-2020,East,92.32057456,72.86848238,32.77165205,27.37727066,0.925942632,20.68362578,31.82916144,30.56043698
23-04-2020,West,105.0040041,68.30354297,18.24451223,12.76621447,0.53186996,26.09490976,23.45842815,52.29432683
24-04-2020,South,139.9133498,56.14049999,30.07131295,18.32613338,1.333644719,33.16375552,21.10754217,86.570876
25-04-2020,East,162.1983711,76.23168469,34.50761347,16.51941474,1.257071581,39.69992755,30.39638846,76.10672404
26-04-2020,Central,112.1344612,58.06448827,37.52920563,14.20232225,0.827562032,23.45492623,24.74472794,34.40244786
27-04-2020,West,96.33606763,47.22506738,28.70332541,18.59987884,1.383884236,13.73360711,34.4959266,47.39103512
28-04-2020,South,110.690113,48.61543952,35.09193534,15.6791396,1.434787729,26.01388459,20.73555978,84.94544667
29-04-2020,South,117.7531085,45.31888746,28.69012612,20.06327232,0.966048806,38.08104571,16.34171238,28.65893411
30-04-2020,West,93.58664749,55.91384975,38.74180648,20.13588584,0.864799547,17.32883527,23.59780859,37.77651693
01-05-2020,West,135.9042271,78.50586418,29.26908672,16.89334138,1.677880608,20.58464086,28.9461125,38.35558521
02-05-2020,West,104.6014152,47.92357228,31.51095344,18.14743322,1.216348547,31.24734869,20.36428507,59.9653013
03-05-2020,East,109.9548618,62.82713642,26.91315869,18.84575516,1.076897396,29.07222998,18.34949809,48.75133238
04-05-2020,South,113.318485,50.14965982,38.46499304,24.04923031,1.409063784,34.75573185,26.14463701,25.59094718
05-05-2020,West,108.4317322,56.09536438,31.3355223,19.25785299,1.090579191,20.17018592,17.68156395,64.04270182
06-05-2020,East,116.77881,37.34938182,49.06784267,24.1235087,0.848313824,27.40017125,26.5334635,26.93545052
07-05-2020,North,87.65493627,56.69192656,44.05850267,22.92906492,1.024047928,39.56148322,23.29688474,62.44904524
08-05-2020,West,88.83396492,57.0944193,39.30148132,22.85765348,1.311596286,20.45683045,27.47233244,55.49058662
09-05-2020,West,77.99691534,68.10431916,32.02514503,26.93922985,0.40234433,41.81529837,18.08085598,54.55680625
10-05-2020,North,108.7900246,63.3492137,43.80520305,14.4030456,0.913590778,21.46066411,31.49081576,24.72473717
11-05-2020,North,115.5787301,42.02411813,46.90700889,17.63408447,1.41491722,36.79505262,24.08482758,64.74543128
12-05-2020,Central,109.1554573,76.26297366,41.42688412,28.816494,0.84643948,27.01633192,28.81761334,50.1924181
13-05-2020,West,133.4898487,63.1545456,56.03701855,18.7134175,1.463832568,20.84073394,29.79937731,48.77742856
14-05-2020,East,99.88807962,62.97590276,44.59637318,5.92438155,1.424423146,26.02480762,19.21277524,61.75159775
15-05-2020,Central,113.3748331,59.8622647,49.13607218,18.98515828,0.980341265,34.35943351,29.41128755,62.4373642
16-05-2020,Central,78.16598248,52.23363829,41.33565416,20.67469765,0.829438209,29.94516804,17.87466612,21.0523307
17-05-2020,South,92.25800595,63.2670351,46.75664453,6.914434413,0.913792338,38.94775529,18.14931129,28.76581308
18-05-2020,Central,113.9107552,67.13382654,32.03218767,26.6696782,1.799384348,41.48592049,34.81999618,36.55627546
19-05-2020,West,116.9820422,33.79656463,35.41601637,16.43143768,1.562327334,20.53575468,30.55926684,67.45841333
20-05-2020,East,94.12066105,51.91858744,43.49363553,21.64281558,1.037617292,19.94984684,35.36832088,60.37187889
21-05-2020,South,98.56801496,56.17579544,43.42099482,18.87009227,0.817553935,19.56164981,23.14892985,73.03403927
22-05-2020,Central,69.64252507,63.84255909,45.07611823,13.5582429,1.035112311,22.80643123,25.51214332,71.84254639
23-05-2020,East,92.85941598,77.89966509,51.00392892,14.64745933,1.073148078,38.83371617,27.63677373,79.72280084
24-05-2020,East,117.8076633,48.42388778,25.75028828,15.32458582,0.626992379,34.48289561,24.93902217,46.37704029
25-05-2020,South,111.5041003,52.5305723,30.25547452,25.42835955,1.024012381,25.63977942,21.2693199,44.15447063
26-05-2020,West,110.0133144,52.31198834,42.29572641,19.26230906,1.396721297,29.91117928,20.51957651,78.17107821
27-05-2020,North,100.9954737,47.97708615,32.75636368,17.39067242,0.460192996,41.23444404,26.06931116,36.63210737
28-05-2020,West,100.1412632,54.79220257,73.77768241,15.32695544,1.24797519,45.26408681,19.66570079,52.28206616
29-05-2020,North,86.79357721,71.5620333,45.15719619,25.98075111,1.412439391,32.07507467,19.52568254,33.60279564
30-05-2020,South,113.9765684,44.19246757,39.21669151,27.32100636,0.831832796,8.725750528,26.96786006,83.96885195
31-05-2020,Central,108.4194589,66.41721593,34.84530727,25.92371949,1.508252727,32.37829676,24.52420324,48.54621092
01-06-2020,North,109.840377,34.47146655,35.19837717,22.4621867,0.792898881,37.47798504,29.68603135,34.87408288
02-06-2020,North,89.47930315,51.57993005,40.30140661,21.44915021,1.132324799,31.79705853,22.87544295,68.44093734
03-06-2020,East,56.9331416,55.0576605,41.11981933,13.92031091,0.907968195,35.81211935,22.09372025,37.12512747
04-06-2020,Central,121.9430542,85.12289509,35.43300855,18.77090437,0.907901093,32.856523,27.11776698,86.04525222
05-06-2020,East,90.42325088,55.87796543,37.26847753,16.58069898,0.814810279,20.12283666,20.93987563,45.73319104
06-06-2020,North,82.74448472,26.9813479,53.44284575,10.87243946,1.209572644,22.91009253,21.70936137,66.52484985
07-06-2020,East,113.8695782,30.0166664,53.84504963,25.2852171,1.254641637,27.4307825,21.90772805,44.16714518
08-06-2020,East,92.1597472,60.5104438,42.5203398,16.52085027,0.98067334,38.52331823,23.95148947,76.50719081
09-06-2020,North,121.1987277,69.20656284,26.58740273,25.97970954,0.592009536,23.87292745,33.86218272,82.78459187
10-06-2020,South,112.340119,65.63183786,45.38503157,24.408732,1.12095105,33.64722107,18.11605588,75.15428516
11-06-2020,South,113.6713865,62.51355159,55.54282442,22.78358988,1.126604308,32.42954075,31.47753791,79.39493131
12-06-2020,East,72.68088578,77.43389396,53.69781102,23.06442036,0.934985497,42.68957812,28.68893378,27.13165796
13-06-2020,East,124.2388797,51.90613169,47.34425853,16.92343059,1.560169386,29.66656177,32.83489424,84.68452739
14-06-2020,North,105.2250106,73.42365834,54.22422955,29.28925076,0.530821221,15.96193265,40.68343024,63.70105102
15-06-2020,North,92.61445722,35.51977672,40.53384272,20.21562715,0.334814887,35.17496372,32.1572651,80.84522725
16-06-2020,North,102.8677693,46.42578251,46.2810297,21.50965843,0.78074953,47.10444169,29.62833474,67.91057349
17-06-2020,North,64.47529534,32.89437908,33.19224434,16.75461833,1.21312736,35.69906676,18.43751824,34.1293368
18-06-2020,Central,108.1730562,55.87732049,42.92265456,15.3441737,0.683246609,23.69870727,19.06888869,62.66885712
19-06-2020,Central,79.41256984,59.30608174,53.29534244,22.38648004,0.705708724,21.34443297,26.80095092,26.36623678
20-06-2020,West,72.94659428,61.71152238,34.10576589,21.08756748,1.285306401,22.37624933,16.50961926,68.70061212
21-06-2020,Central,69.55281628,60.92825029,31.38556571,16.05323817,1.138764377,46.02649504,28.07719626,48.63007988
22-06-2020,East,122.2537675,46.08670004,40.97488939,12.80786641,1.113118273,27.38138048,14.32539055,30.62132212
23-06-2020,North,87.41473213,57.14638733,37.73337796,13.65038456,1.234428676,24.69885285,30.76116693,88.54608711
24-06-2020,West,130.6745542,37.53829997,46.49147721,25.98066859,0.872442114,28.73250685,23.39149844,83.07590969
25-06-2020,East,89.28397074,80.44843463,35.46740474,16.93373093,0.886304778,27.46474361,25.63298473,82.54805994
26-06-2020,East,65.85284085,55.44560891,57.18439616,18.30545727,1.242933782,42.54120288,21.25813852,75.21742144
27-06-2020,North,77.6695112,52.66670821,27.10323902,27.25170129,0.596533966,21.88418007,15.50736795,68.43867876
28-06-2020,North,124.7162324,83.83410493,52.53734786,14.38924719,0.357184046,39.44514585,31.1734764,65.85556362
29-06-2020,West,96.88203644,41.366302,32.35150772,16.36502587,0.870014748,30.97673677,31.67850697,27.42656864
30-06-2020,North,89.03425407,43.11619329,22.04017265,16.15616586,1.279261987,39.65621211,23.24256117,83.03963647
01-07-2020,West,103.2003645,43.55669513,42.37875156,28.09034241,1.07666791,42.66095235,28.30964782,81.67898774
02-07-2020,East,110.0356547,58.98192927,37.45392014,29.9669175,1.257187451,30.67838107,23.0455429,72.34968386
03-07-2020,East,122.3479763,66.47447444,28.90390632,23.75781613,0.395111707,27.47949112,26.44244922,84.91204714
04-07-2020,South,128.9699846,71.09513202,23.18623108,23.91692362,1.094649042,30.52943065,28.79569599,58.7158416
05-07-2020,West,92.80462708,98.57992976,39.91639213,17.09822499,1.196159351,29.24183462,27.77542462,51.33496343
06-07-2020,North,73.47904628,26.25851319,49.75836892,29.73664243,0.594760773,16.74426835,31.70484807,87.75631815
07-07-2020,East,91.73069678,69.13103384,45.84953493,21.33848127,1.258617277,42.41984299,27.59440338,52.48918315
08-07-2020,South,105.2056101,51.64304141,40.56706649,24.26555132,0.966544331,31.96628014,25.14042309,64.89271087
09-07-2020,West,80.72482148,51.20377277,44.78847573,19.47237531,1.92140101,20.69520652,21.19290516,46.11435028
10-07-2020,South,80.8569817,50.70341808,39.72785868,18.65983706,0.346829179,13.45981344,22.6074731,64.54283582
11-07-2020,West,106.8757576,46.36845494,25.70275757,28.3152113,1.41073431,11.37920614,29.05025698,70.40692969
12-07-2020,East,99.02695297,85.26787252,25.79106015,22.6986184,0.881752571,36.16384349,17.49086741,63.72588677
13-07-2020,Central,100.6559399,72.63445991,37.96831471,27.25687731,0.514854486,25.04817945,30.52903652,56.01940589
14-07-2020,Central,84.83009331,60.34793968,38.39346714,21.27664086,0.841913457,26.36079466,23.59428137,41.00775583
15-07-2020,East,95.39198572,80.26523629,48.50982679,15.75816732,1.083243772,33.90523412,20.90697048,65.06919733
16-07-2020,West,81.51533711,37.31206552,47.57304224,17.08328534,1.311240001,25.87161475,19.50637912,83.59002267
17-07-2020,West,117.8039682,40.03942303,46.05133016,20.51482621,1.516589286,34.37219533,28.37183893,20.48388138
18-07-2020,South,120.7049867,27.33048402,37.19717287,16.86749892,1.426567927,30.76211252,24.92679323,29.37503192
19-07-2020,East,63.07624276,49.5087819,26.1934783,14.46269296,0.710385394,29.32696333,32.94382612,28.38412109
20-07-2020,West,81.4097828,62.4254779,44.12071137,26.00708516,1.339049408,17.41799675,18.68462175,84.6243712
21-07-2020,East,70.0694149,61.54287867,45.25169313,17.27564965,1.117385487,23.44214915,22.10918188,66.39233823
22-07-2020,West,86.99952131,62.24012867,16.11468538,20.69096374,0.803619094,34.82028292,24.53889421,86.62516745
23-07-2020,North,98.3312406,38.83414753,31.65661813,21.48066795,0.936426822,24.54382548,21.24071628,60.79692912
24-07-2020,Central,71.00709561,72.04732114,33.08945623,17.05923437,0.787047202,39.64295645,25.03059332,52.3213028
25-07-2020,West,81.56280374,63.59441277,41.18350201,27.25399733,1.011127703,48.77121059,26.59750383,75.46400383
26-07-2020,South,79.92085256,70.99581422,31.96639567,14.41429119,0.781102635,35.25108241,27.4224212,31.26595872
27-07-2020,West,104.1453466,31.60856734,39.61865431,21.30812632,0.691601778,41.94265513,32.53083565,46.69366814
28-07-2020,South,101.3868867,64.67236288,37.8946506,21.23058853,1.143735738,35.76581791,18.48263786,52.63919684
29-07-2020,West,85.56524893,42.1835214,38.40850528,19.72872699,1.188619164,25.72590382,26.6888016,40.89208762
30-07-2020,West,103.5364174,54.04015121,32.83605706,13.51543693,0.9437209,31.60121332,21.7652859,45.98999287
31-07-2020,East,89.06639831,68.01547348,33.61014946,24.35408776,1.410295391,46.10656757,27.1500669,25.46736308
01-08-2020,Central,94.56689779,61.36640409,29.1973294,23.71755335,0.921870824,25.81157006,27.15666093,33.85885126
02-08-2020,West,133.4690418,47.2269003,43.80067441,16.62215736,0.909167636,21.68538161,20.06540308,43.48477042
03-08-2020,West,126.809221,60.09409734,45.71102629,23.53743604,1.198146695,20.92644462,20.49423829,75.71233033
04-08-2020,Central,74.00837526,37.02697027,32.2938205,21.87453843,0.960272325,28.25976493,27.55821532,32.77481484
05-08-2020,West,116.5946484,77.25401094,55.20640096,13.59693927,1.025439319,21.97222329,25.11702255,44.26482618
06-08-2020,West,116.2279311,56.92073971,36.85398553,15.73035543,0.243868459,43.39215542,23.9018908,24.54442017
07-08-2020,Central,77.03473422,76.77824916,55.30185624,25.69140722,1.005012215,31.73085228,28.28993415,58.99730414
08-08-2020,East,116.3755529,52.10202469,33.57872826,21.54708093,0.451841219,37.77381048,28.65859238,62.78756217
09-08-2020,South,130.7586384,52.14636017,19.73422223,17.17848527,0.633714829,27.61067688,22.35184944,80.58615244
10-08-2020,West,77.54910388,48.5371982,44.02197825,15.70762054,0.599403238,20.87842242,20.73973431,77.3381199
11-08-2020,West,81.64994358,73.14260898,42.48545105,17.42303101,0.687225054,19.52484844,18.69040512,39.97645683
12-08-2020,South,120.3532293,49.35853264,40.34393795,17.77760235,0.835343842,22.73606606,25.1672706,29.58675824
13-08-2020,North,105.4299062,69.66893149,33.57767522,15.77018484,0.854052215,32.78020395,17.88419861,30.92582275
14-08-2020,West,111.0295255,54.26321403,39.65427775,11.29117944,1.199282561,34.15906345,25.49714229,87.82747601
15-08-2020,Central,106.8117843,30.3605505,34.88740542,25.70006643,1.066716344,34.82556858,31.08418396,67.12580698
16-08-2020,South,107.8139184,51.44528898,36.97650434,24.85316836,0.429677671,18.09061853,23.23270115,22.97995515
17-08-2020,West,73.47055743,42.31337678,48.41632256,13.63372274,1.024988391,29.99672651,22.3189786,29.57454785
18-08-2020,East,120.9463541,60.50854086,41.8421723,20.68155648,1.095476574,21.79150535,34.98922387,54.00600456
19-08-2020,Central,123.3917998,42.14388396,46.09951387,15.48880899,0.901430045,33.21172774,32.5485091,34.5480163
20-08-2020,East,95.41218512,73.88962651,37.68131493,18.69216388,0.981734207,33.83261644,21.17701065,76.25612895
21-08-2020,North,99.130461,58.63386209,36.57982654,18.2761671,1.057093038,20.62261562,25.69506591,60.12519823
22-08-2020,West,69.37784995,57.33606008,28.46517469,17.86082892,1.229379879,37.74423686,26.64339121,62.88425455
23-08-2020,East,110.2850951,69.83838207,36.29963387,30.01473542,0.527536004,48.71058353,26.01830211,52.39778836
24-08-2020,Central,111.4411488,74.45860401,6.788854444,17.79837158,0.926704888,36.6786859,34.07336724,37.92439428
25-08-2020,North,98.75617966,59.69851872,34.09778034,15.95868087,1.452500829,28.69732768,25.43614946,61.25825292
26-08-2020,West,122.4870672,48.43199551,39.18125823,16.18709285,1.424998392,27.46763437,26.18617438,70.18790323
27-08-2020,North,93.31845538,33.39045576,45.63673654,25.21888478,1.255281078,28.32748815,28.44331148,45.96636543
28-08-2020,East,111.2921185,49.70925364,37.31322122,11.73948834,1.161047405,23.91412923,30.94959858,55.34605414
29-08-2020,West,79.60671323,50.7418163,43.47673542,16.18688542,1.496390425,32.01918565,29.68449597,78.77787793
30-08-2020,South,99.52895698,61.60586179,18.20211339,27.2341142,1.5753544,20.89229927,27.69042393,30.40772333
31-08-2020,West,96.51291484,54.82279678,39.43163148,21.21993094,0.961276004,14.88241771,17.20650097,58.16570935
01-09-2020,Central,104.5061584,70.31899458,23.20497207,20.95961003,0.709170267,31.75681345,22.55931138,44.38888633
02-09-2020,North,92.60946142,50.80525093,27.91696484,30.6607323,0.918912305,30.16986453,29.09710604,69.19563308
03-09-2020,East,97.37054809,59.1443825,38.12834452,21.23173976,1.929008654,25.43063987,26.25199349,21.31671702
04-09-2020,South,116.5209434,77.75981165,52.76263988,16.45906919,0.529193097,19.73842702,29.13064317,66.93313099
05-09-2020,East,91.26471526,65.12737821,43.71206763,18.58961472,0.858838258,32.31795222,34.43583031,27.20284138
06-09-2020,Central,67.86845799,59.09943687,40.18230997,14.32283845,0.576192654,22.07859969,19.11518397,24.53374271
07-09-2020,North,134.9916781,50.97083337,39.80469611,26.2796852,1.037429159,28.88844519,30.68955087,70.72363107
08-09-2020,West,127.6290816,50.50152905,32.86371107,22.87280859,0.639192691,44.11977483,23.34818269,64.8239507
09-09-2020,Central,74.1547461,47.24080121,34.56016587,25.62207075,0.967374693,35.20951816,29.6767491,82.64551516
10-09-2020,West,113.7941561,51.88489701,44.27376045,26.06491964,0.414971452,19.0469387,24.79389628,56.37584691
11-09-2020,Central,89.94050459,71.33498758,26.14639482,17.9289461,1.1852862,19.80118743,35.63502269,57.10170979
12-09-2020,East,105.2697443,56.67167593,45.9305405,15.27623574,1.366703577,31.21455274,25.65043468,69.49124849
13-09-2020,East,105.8844826,39.75340396,36.11492933,19.74143444,0.884816913,18.99743454,21.79742888,42.63783034
14-09-2020,North,95.31184399,86.5225394,48.25557075,15.63619465,0.959460998,13.98619615,27.09937311,22.58387188
15-09-2020,Central,84.32468669,64.79947787,49.61093457,20.82478438,0.950977831,34.25897609,26.6197139,36.1032078
16-09-2020,West,86.18917895,38.89584899,23.26915987,25.6604844,1.054273203,32.56748603,30.69048547,36.66093883
17-09-2020,South,81.67616169,53.37226609,34.18419237,19.15930177,0.988549124,33.60478665,27.24026399,43.49611952
18-09-2020,Central,83.36355584,61.66329574,31.44472312,20.74997545,1.230435086,32.10428145,37.3753232,86.04239131
19-09-2020,West,98.6564342,85.5688814,21.87272035,19.53077192,1.36991174,29.47751431,24.44297932,76.33899591
20-09-2020,East,85.68480022,43.37831313,29.67466724,24.01363786,0.755778633,24.70249162,24.50190025,85.51693716
21-09-2020,North,113.6410413,74.64061079,64.41255845,16.66108803,0.907201452,34.12907973,21.98056975,89.90267131
22-09-2020,South,129.7449231,80.9922964,46.09509896,9.017768692,1.270485835,42.23906791,25.42834169,50.36453029
23-09-2020,West,88.39893517,50.57018542,59.17287969,22.3543443,0.573499286,25.99016794,26.15529561,35.89513217
24-09-2020,East,104.78809,55.83729572,48.2909844,24.93917211,0.408783615,21.83407832,26.40605265,59.20029129
25-09-2020,East,109.9937022,44.45536129,32.58156839,22.23187122,1.067894786,20.91904464,25.33593838,81.67940898
26-09-2020,East,109.4400454,56.94808288,36.18228803,16.79884752,1.148903923,23.06615813,21.95089392,52.60123027
27-09-2020,South,101.5191054,59.45115038,45.8843618,14.32493951,0.783309944,31.6207882,20.59167436,55.37795118
28-09-2020,North,114.8536484,69.89474997,44.37506203,22.47248766,0.826404684,12.88297949,23.12413138,29.41073741
29-09-2020,Central,109.6449791,76.35275207,34.22657984,20.70739476,0.771942303,33.5133634,30.7076883,49.43188448
30-09-2020,East,75.24675155,48.77855903,24.90006829,19.37103686,0.739922428,35.15130408,31.78399843,47.08963669
01-10-2020,East,117.3831213,30.49012404,72.87761187,29.11231671,1.208048746,15.61537312,24.61517732,44.6181952
02-10-2020,North,117.7458167,59.68132831,38.58850328,15.26599953,0.645850454,22.16655651,20.29208517,82.11090689
03-10-2020,East,84.73427792,64.40306295,36.74261107,28.87518511,0.920343142,30.63744784,24.59413195,24.15110032
04-10-2020,North,100.7587567,63.74126532,41.13334464,20.15891952,0.72839915,28.85224216,35.45832718,88.0503028
05-10-2020,South,113.6665799,55.09990129,37.57271411,10.82214762,0.563413307,34.15709975,29.99483918,20.57727777
06-10-2020,West,95.81372361,61.87128149,41.22728908,19.10398673,1.261053452,28.87090543,27.75371346,86.19158098
07-10-2020,Central,121.459561,82.73167213,52.86947286,24.79748038,0.844052433,40.11815621,29.81342459,58.3633252
08-10-2020,West,147.2774499,65.72601253,38.7545152,18.17472484,1.056532024,27.43064481,32.70283306,69.17116711
09-10-2020,East,84.28027935,54.39947362,28.37289561,12.62610729,0.547577236,22.13573611,19.23566899,33.09929948
10-10-2020,South,72.37910794,52.49703274,38.38356206,19.17742734,0.777418164,21.49246507,23.03980066,65.79480773
11-10-2020,Central,106.0763719,57.45221463,35.35598219,15.71413813,1.226826364,35.88374807,22.35639184,81.7370368
12-10-2020,East,114.4312501,84.55109943,54.23898937,22.45907201,1.776181437,30.23696914,27.93557199,29.76360979
13-10-2020,Central,95.38267252,57.25048936,51.71119065,23.86699908,0.407135181,35.06972721,25.80055445,28.89571286
14-10-2020,East,129.0652133,59.70308483,41.07525,14.71864796,0.939667661,34.90497999,28.78155645,41.27845364
15-10-2020,South,73.22788401,52.76529644,27.21264145,16.47097972,1.123684179,13.84120118,22.46556325,31.32081247
16-10-2020,North,113.8583725,76.48475036,27.74107737,23.78321233,0.815169954,20.87933919,31.85976025,27.74520937
17-10-2020,South,87.88278358,89.39755882,40.15123262,15.70577861,1.254856596,21.83499968,24.65333146,67.48233252
18-10-2020,East,134.3875581,66.75919574,43.36322969,14.58920932,0.739980199,23.47148649,28.47272776,34.96786297
19-10-2020,East,139.8503071,61.24159356,36.25377181,14.10654434,1.046154298,26.63715739,30.97703249,66.69104296
20-10-2020,West,84.66686824,60.5517425,35.19830416,21.76019306,0.843378429,37.99319676,30.57562158,80.3350459
21-10-2020,Central,89.00885728,24.23539817,34.07200767,21.5457886,1.365829325,39.58785882,26.80414204,65.6417354
22-10-2020,West,117.1917577,71.17726296,39.7660604,16.57976985,0.797090649,27.65687336,29.09673453,28.35569489
23-10-2020,South,92.257387,62.01249624,16.17237648,20.02542698,0.894437861,27.98975311,33.70830332,60.15043018
24-10-2020,North,99.09177564,66.42513076,28.98673371,27.63566192,1.283706711,24.35653021,27.56800617,47.55400789
25-10-2020,Central,100.5077684,49.32806709,33.72949155,15.12969922,0.691588402,30.71350158,21.35176799,44.03596557
26-10-2020,North,61.60653688,54.23314682,52.07503195,10.24128695,1.020625017,31.62016706,27.91525365,42.2972028
27-10-2020,South,99.72324508,53.83462595,31.86186358,22.27537788,0.453239697,36.45180444,24.81359391,85.06025567
28-10-2020,West,86.20544452,75.32434476,41.80468142,19.44799418,0.673619962,36.38750981,13.25999433,71.97552197
29-10-2020,West,90.13754355,54.31860245,42.26542751,16.44987457,1.114639383,11.58305559,27.30999012,29.36941527
30-10-2020,East,128.8726401,91.23990483,52.97916506,23.26040119,0.702790747,28.77964042,25.58325325,53.32038358
31-10-2020,North,74.86986211,66.46293629,52.62577407,24.19612572,0.83662812,41.07280025,30.78208886,42.27561527
01-11-2020,North,116.2641037,40.8647601,39.42497031,8.958609901,1.147925921,26.49508058,21.24953171,88.45568188
02-11-2020,East,94.42074139,58.0718056,35.24515259,16.73701045,0.826244158,39.11393455,17.47145169,88.46202811
03-11-2020,Central,94.40479663,50.22487317,33.36166897,31.58758116,1.246852622,27.5483856,25.8434043,42.3674132
04-11-2020,East,115.8074379,27.08426295,37.58936778,22.91702458,1.064698836,31.39938774,26.90088694,44.64791813
05-11-2020,Central,106.8010259,83.9920641,35.65966646,23.38051819,1.130704934,20.90487446,25.46916473,61.9589945
06-11-2020,North,111.4122599,70.54713813,45.53627409,25.86447139,1.37228968,21.20601154,25.10354342,53.551491
07-11-2020,East,119.3636932,67.99810977,44.20309817,20.08534413,1.095946919,35.80393258,19.65636523,34.91706105
08-11-2020,West,93.37383234,62.4810549,45.91801191,23.9834208,1.461654187,37.05454624,24.30541432,66.22885169
09-11-2020,South,87.75526531,39.26973647,52.59283711,23.59031022,1.273378685,30.21143125,23.25797085,43.38900507
10-11-2020,East,78.29698947,52.74574291,58.62869121,22.69520748,0.842964271,20.17980606,30.3635437,65.76015488
11-11-2020,South,83.4917894,72.62671162,41.24663393,18.38994015,1.387944423,30.35043645,26.89662682,46.85770656
12-11-2020,Central,158.9818885,44.23169955,50.99463771,20.86029461,1.079159806,40.05787969,23.61001439,69.01469257
13-11-2020,South,124.8935916,22.02346026,36.48339816,17.05819218,0.881596087,43.94293176,33.61942438,66.74596296
14-11-2020,Central,72.97851268,56.59340988,51.85006984,20.06407152,1.083515709,27.46633654,23.65546162,55.61689291
15-11-2020,North,73.55084087,57.87363669,50.61509157,14.15754554,1.333698047,16.7210572,27.78893362,69.33179935
16-11-2020,East,109.6373212,62.03345125,50.0841597,16.04688004,1.136513528,36.7229088,24.16539333,52.26759734
17-11-2020,South,110.9452959,70.92777965,40.94069841,18.58843979,1.54671785,27.79229523,33.15576258,28.12968098
18-11-2020,East,110.9776767,69.56408718,33.31641836,15.28147284,1.325959167,37.54432513,25.43429888,32.74743773
19-11-2020,Central,94.90088413,63.88154708,26.05471562,17.47491365,1.15694801,32.2485778,25.58207114,37.21951939
20-11-2020,North,97.4909148,77.93297082,39.59962792,19.18037012,0.692179575,22.93244715,24.30064821,24.42602498
21-11-2020,West,106.5575905,37.21545329,55.33012542,22.01131172,0.946080246,30.46595489,25.98255963,69.79668544
22-11-2020,Central,101.7178601,67.56872722,36.90155099,24.74628651,1.021499242,40.46670694,30.99768919,45.71731588
23-11-2020,East,55.61399255,69.39807545,47.85126585,17.68107814,1.20898945,28.80676809,29.22921922,26.54663074
24-11-2020,Central,95.40400739,41.40656571,48.43951401,26.67552309,1.191199912,21.72155869,25.14038091,77.39706845
25-11-2020,East,82.97187131,37.45694087,37.16313779,24.69305539,1.050862123,17.29084665,33.50662553,67.85579991
26-11-2020,North,103.5042284,48.8108681,53.16344838,22.52046916,1.036104975,23.82268251,29.36492821,51.6556966
27-11-2020,East,159.7051801,50.07687836,10.91339256,20.76824565,1.216137069,26.71890991,22.8090944,37.31977346
28-11-2020,North,107.3496333,71.30129195,27.77249721,21.59560421,0.742424132,36.55999309,18.09825823,30.62221257
29-11-2020,West,93.72940628,50.78191824,30.84367704,25.93525575,1.508654746,21.03320586,22.92493099,52.08619342
30-11-2020,West,118.43603,47.15477223,31.80284977,26.1178983,0.385849934,42.43001509,27.06674389,81.96720201
01-12-2020,South,109.6537577,50.82549395,43.36262951,26.67473364,1.436622845,19.30278231,27.98600185,33.18767263
02-12-2020,Central,108.4018898,76.77948501,42.90037803,20.20663416,0.986444341,48.65188874,31.79568842,59.80614603
03-12-2020,North,112.1370119,60.19565062,43.93990572,22.77483582,1.300773944,43.80414845,19.52727012,87.31801967
04-12-2020,Central,141.1308713,57.31123462,45.96081494,26.71773253,1.10915213,31.12933,22.80422333,64.59816023
05-12-2020,North,77.38223129,58.34991752,30.49895431,16.88141983,1.103810323,16.81845172,19.11178665,50.79753111
06-12-2020,South,109.4726415,79.38090501,27.81823933,18.40791573,1.166276343,29.5566075,18.30600394,70.14610811
07-12-2020,South,81.4723774,48.7624241,43.96319682,20.08018332,1.242716287,26.90527234,21.86090627,77.72045433
08-12-2020,South,111.1102529,79.73262436,33.69767926,24.49799369,0.901350752,19.80570222,26.83306122,61.33614085
09-12-2020,West,81.62626977,63.15744448,24.29524955,24.57586075,1.310439739,32.32807702,28.85697217,81.02826513
10-12-2020,Central,91.65266373,57.59370927,49.71344285,18.84567944,0.674658813,23.41085496,20.25822947,56.02142316
11-12-2020,West,94.09820172,97.51350747,53.95101907,12.45695273,0.998400828,24.28075322,20.9536204,78.10203015
12-12-2020,Central,119.5163344,44.16540765,55.5716089,21.23091972,1.250790977,28.37057092,16.10088412,86.64134683
13-12-2020,South,118.3690889,54.69471361,41.87007721,15.40841931,1.298505274,25.40072937,26.07176104,55.08704269
14-12-2020,North,75.08565247,41.51353141,46.25932096,12.55031898,1.138236654,46.62525294,21.33930549,62.35012009
15-12-2020,East,101.0986822,74.28692956,53.69868223,13.6806422,0.881982269,25.71428294,33.31515689,62.66272801
16-12-2020,South,85.80840291,85.337834,33.5858421,21.63190504,1.269012334,33.52704809,27.049044,74.70044045
17-12-2020,South,74.82990179,85.04884172,51.10677684,26.8051868,0.799190128,31.16417994,24.14277128,77.60760881
18-12-2020,Central,95.65965899,78.3592313,42.75396234,20.19447258,1.525422722,32.8220018,21.79443786,21.90605213
19-12-2020,South,93.83034423,57.03569298,49.13711652,21.05690327,0.974598731,33.43270723,17.5266489,71.33516949
20-12-2020,East,148.5343297,54.52138534,41.86093021,25.91447469,0.538112292,37.05089189,18.16064112,74.86706712
21-12-2020,Central,108.6591965,34.93245341,52.9625671,12.27772545,0.64159496,32.1315686,21.88929523,69.03006076
22-12-2020,South,72.44764998,90.53810303,42.23523763,22.60088211,1.013093091,31.79916636,21.50548559,69.95869615
23-12-2020,West,88.70451992,67.03467117,25.16020941,19.94205108,1.041947581,30.46781655,20.00414079,22.89820014
24-12-2020,West,120.4276659,52.62064643,54.51926632,22.83028729,1.590897005,28.89265718,26.88547364,50.94270634
25-12-2020,East,141.7688555,79.92085333,30.52469259,17.58258046,0.688450199,22.70561695,27.57132796,77.27257548
26-12-2020,Central,68.28033376,45.40853225,52.5305821,15.91031355,1.01183866,29.51305298,22.70683801,85.38049989
27-12-2020,Central,62.4015123,66.09933051,39.09757119,20.70254452,0.682173578,31.930139,34.67576134,36.06275444
28-12-2020,South,137.4193035,57.41056299,51.76010985,28.24595662,0.852203544,33.21731645,16.26635317,60.54364582
29-12-2020,North,107.7922835,69.5801571,51.34768615,24.30455052,1.505191609,31.44227818,25.29081949,76.30311677
30-12-2020,West,82.63414536,59.04639691,44.30142974,17.46153615,0.659099133,28.13635989,23.90709898,72.668535
31-12-2020,West,110.6925817,38.23608163,45.08535318,13.29513982,1.176112727,29.54336077,22.24649559,63.32230819
01-01-2021,East,47.28504522,61.13364559,44.22628617,11.58966358,1.117872208,25.57082812,21.51168577,21.30838318
02-01-2021,North,100.0675101,75.73296213,19.86175244,26.58049726,0.992748572,32.50579193,24.96520059,70.67200881
03-01-2021,South,106.5564235,59.56175391,41.18330219,15.22458856,1.155830987,28.23097418,23.87236086,74.12697523
04-01-2021,South,118.4854028,71.62672682,28.83935824,18.37243294,0.651993885,31.44448751,23.04061736,70.59946546
05-01-2021,North,79.72208095,44.31705771,41.71187144,26.60605563,1.496896752,38.00642435,18.50640183,73.6066413
06-01-2021,Central,101.7137432,59.6060881,28.57057454,11.93049272,1.577453649,24.32512872,16.90944091,50.16404249
07-01-2021,West,81.49150748,50.63234317,28.15048059,27.46132255,1.014131409,34.77356305,23.55741762,89.56265021
08-01-2021,East,105.1076751,71.2047126,56.04934502,18.73179773,1.726931839,30.26568144,22.98951948,73.95508411
09-01-2021,Central,82.09307355,60.47237343,50.69447388,14.25708342,0.880291621,46.1695488,24.0148157,60.50760037
10-01-2021,West,91.83798322,70.35110515,39.95857415,18.76324536,1.120129598,28.26959737,24.45689101,85.39338888
11-01-2021,East,80.0836921,76.31565639,41.8476865,16.38701609,1.429566719,35.56131667,22.38748829,83.57388376
12-01-2021,South,113.0227248,70.37427863,37.52083974,22.20409899,0.862298662,30.12282761,23.93796288,77.01969457
13-01-2021,South,117.1690223,64.09677651,45.69876376,16.75933783,0.585535282,18.89356393,20.73235846,59.45864433
14-01-2021,North,95.3075886,45.02681612,33.23945633,10.44178895,0.51648488,25.83448724,32.61972905,56.89707134
15-01-2021,South,100.7647599,59.95820834,49.93740263,18.89718733,1.618247969,37.04376884,21.00129926,43.00955524
16-01-2021,West,71.02817171,52.00364397,37.46913159,13.21727474,0.841292605,26.53844432,23.14509645,37.56145854
17-01-2021,West,94.00646704,54.83904065,35.80153004,21.02159942,0.944278971,12.23794948,21.38105605,55.86516619
18-01-2021,East,98.99590766,54.38198774,40.21713018,14.06434834,0.666170777,29.74877586,21.2970923,60.44472332
19-01-2021,East,152.4158618,45.30111638,34.0885317,17.55993598,1.284501784,21.26130962,25.12320783,37.1168502
20-01-2021,Central,77.76065948,30.63992116,43.28682349,20.91293902,0.765532042,31.05454186,24.48882895,84.58208706
21-01-2021,West,129.2835448,49.97785428,34.62637411,18.93770637,0.852621092,42.40917665,22.70269805,59.00917977
22-01-2021,West,119.9371755,62.90069178,44.68523603,21.25215142,1.089856126,36.15565849,23.58262004,56.85537278
23-01-2021,Central,105.6127281,39.77734432,52.16006539,23.40143583,0.680786222,42.29324663,21.40093225,50.49468719
24-01-2021,West,135.1724097,60.23523355,32.80678313,14.2103315,0.946425319,25.50790383,27.00862819,24.0649907
25-01-2021,East,107.4421095,88.50402636,38.69424543,19.6780123,1.420662877,28.85466933,35.27596371,81.76809341
26-01-2021,South,107.7831839,75.34584833,44.61330713,3.352481012,1.128476319,21.64451043,20.62579361,42.18959585
27-01-2021,East,98.93758694,84.65312264,35.64142645,21.23666651,1.039162688,24.52765244,26.96981612,64.97222341
28-01-2021,South,124.4713776,65.86691815,44.64320561,18.49592935,1.064459413,22.58492134,25.22474479,62.52034913
29-01-2021,West,121.9293847,77.51264734,45.55398861,15.08275118,0.883259471,19.54621625,28.34314879,60.91407778
30-01-2021,South,87.48645425,49.14052904,50.83261776,21.57859711,1.598845696,40.926853,28.4839648,56.79985414
31-01-2021,North,73.61505611,50.33489599,33.94009954,25.86348789,0.756352861,13.26431764,26.02706349,32.70078834
01-02-2021,South,95.94038725,18.91289691,30.5722476,17.61991126,1.063277849,40.96111124,24.80089712,39.64240187
02-02-2021,North,83.99922871,77.79218211,36.9242261,15.27592755,1.03450767,39.9684714,22.827749,56.69316499
03-02-2021,West,98.72950851,83.1048597,30.3224766,20.82512631,1.302628752,33.9983414,21.17519823,75.25397161
04-02-2021,Central,124.7487627,51.70234132,45.64498204,13.32196667,1.330952182,21.08394186,24.5157717,50.23922795
05-02-2021,South,90.8539669,56.1907244,28.382487,16.69809315,0.990394359,17.34259911,18.57705584,34.27457871
06-02-2021,South,99.14353237,48.69206829,63.33016418,26.11201081,1.087199948,25.61277055,22.03072005,26.15610974
07-02-2021,North,101.1604547,65.73980327,52.95927862,20.31089615,1.098560426,35.00096365,30.53426812,66.41077024
08-02-2021,South,116.9686176,76.87398818,40.1257577,10.60266518,0.318357503,30.0245091,25.49256111,49.63379794
09-02-2021,Central,55.06221332,33.85842039,48.67394493,11.01504176,0.523303119,21.65200404,29.46332209,28.77596248
10-02-2021,North,87.8659941,66.14157796,23.63198136,20.81042846,0.818480893,39.18563828,32.34821943,67.2126816
11-02-2021,West,104.2256738,55.84992342,65.23373331,24.31195288,0.831520397,43.47506663,24.11485272,34.53051116
12-02-2021,West,124.0015791,61.70091588,34.09785388,11.91189271,0.640215273,28.18720669,26.03662917,55.63112338
13-02-2021,Central,90.16195105,66.88491003,38.79502586,22.24856304,1.224874771,30.87469523,23.49077053,41.43315826
14-02-2021,West,62.46894588,57.17696342,21.44066713,26.65171754,1.000635526,17.92921053,20.9369712,85.21830451
15-02-2021,East,112.3942289,58.4461972,44.86287305,29.43929494,0.935591636,26.68490627,20.2351587,35.98016464
16-02-2021,East,87.29275222,56.79187249,28.93655843,21.6561138,0.623153418,34.08351982,29.21575186,49.39429651
17-02-2021,West,76.20666682,74.55474303,41.01655762,22.53401297,0.986636541,32.83885232,26.0431364,87.16455178
18-02-2021,West,87.51309221,66.2813994,34.55725567,9.334077862,0.211994573,25.93865721,34.23301536,42.3107626
19-02-2021,Central,96.30949285,63.30875307,29.22256065,30.49876274,0.951113107,27.80605193,29.86026006,65.12152141
20-02-2021,South,87.90510671,40.93572418,31.95638498,17.12254893,1.018955101,26.42231411,21.34393505,42.17089306
21-02-2021,South,55.88867886,54.32130385,42.25788034,15.33264421,1.072574495,27.77228229,29.2017109,27.74724854
22-02-2021,West,117.9413239,73.48003741,27.18509027,18.72396933,0.530769471,33.38587842,23.4746223,63.92830629
23-02-2021,Central,125.4975008,60.5654486,32.51188329,27.55836707,1.067445021,14.25970332,31.08429855,84.12220747
24-02-2021,South,113.0304398,69.89297204,46.63273381,31.04023024,0.687570619,29.40520388,22.56833061,51.67952671
25-02-2021,West,77.24628659,86.497677,66.02479875,20.6270434,0.75625905,32.79980429,19.7378702,63.83235799
26-02-2021,South,95.97016932,75.57909104,44.7758882,24.99042086,1.215379416,25.43612251,21.02122461,62.62288893
27-02-2021,North,99.8695737,61.39737507,30.82738358,20.21602024,1.604234117,26.16533565,21.27667549,49.05627918
28-02-2021,West,111.9758878,52.33516245,36.3288583,14.81102263,1.015407628,26.39684447,20.79874118,63.04276471
01-03-2021,South,113.3668098,21.69675606,40.31589006,27.38371835,0.754871362,26.16760021,22.13695862,38.15226591
02-03-2021,South,85.31652402,57.47422616,36.50575049,16.8893626,1.056601134,30.04707022,29.28345935,46.46265332
03-03-2021,South,101.6399111,55.10981256,49.03058167,27.67765387,1.281708747,31.03202206,33.98022104,50.96231995
04-03-2021,East,109.1456081,65.85549292,42.17473483,26.49270665,1.18629927,13.19588547,18.34905242,80.48060785
05-03-2021,Central,129.1164464,57.6914216,49.07852385,23.07018132,1.822933862,35.22304297,31.31756521,44.38330264
06-03-2021,West,114.0901308,55.19422411,36.8555621,29.14487378,0.785398729,27.68000893,22.61148142,64.45959337
07-03-2021,East,115.7811337,33.30901604,53.2550022,31.16173017,1.075669444,45.4637054,26.73941266,34.93826862
08-03-2021,South,101.6765326,45.90048256,38.33514416,19.12378319,1.464675386,20.46681169,16.72926985,37.67988103
09-03-2021,East,128.2091829,67.14976561,30.28810131,15.95602941,1.445847771,23.06148393,27.62017509,65.39002128
10-03-2021,East,108.1952559,85.73861447,61.77320381,10.67865081,0.414976622,28.37672817,14.97343802,73.36169492
11-03-2021,Central,82.7782418,58.53711924,21.75022253,31.22341128,0.998992714,33.3058036,26.56967536,52.34820236
12-03-2021,North,128.0673994,64.9171661,32.61261275,17.80158996,1.44535623,14.39386138,26.28628024,43.45697877
13-03-2021,Central,113.9580655,74.28717235,33.72972148,25.67518429,1.867192897,23.36719958,25.95503817,83.71900892
14-03-2021,South,91.13911958,47.83659096,65.08306273,16.29372316,1.211138765,34.73056128,21.32544925,29.50654705
15-03-2021,South,90.41014065,65.50221065,58.06858884,27.6913282,0.889641012,22.41500843,27.74763337,70.44999664
16-03-2021,West,105.9315109,48.89264841,54.93928144,16.49941204,0.697239054,40.96021101,26.95540755,68.31195248
17-03-2021,South,109.2636959,72.97236658,36.69341338,14.04140433,1.665623007,26.36893121,23.95023608,68.31716139
18-03-2021,North,103.9458453,62.27104572,64.26178004,18.95746785,1.218622476,22.80501439,28.35925154,85.47943111
19-03-2021,West,106.2261735,64.47677721,43.68352004,17.3411215,0.745579922,34.88195406,24.52197927,70.97332107
20-03-2021,Central,133.9991475,48.26102104,49.7726337,22.98149893,0.93905309,42.86093909,27.64388579,41.10956326
21-03-2021,South,121.430863,70.60548539,41.79695381,19.74302536,1.093055955,33.33117007,24.37060336,44.7386457
22-03-2021,East,103.8127118,91.27069382,39.50533429,23.13851197,1.163141996,40.08343519,26.08350996,47.37776812
23-03-2021,East,118.8262116,44.88132457,37.48221326,18.54489263,0.730114403,43.41308273,27.87361471,22.15660719
24-03-2021,South,79.34952193,54.90361489,37.90360007,16.67446314,0.815742875,22.62513056,23.01043713,83.94572208
25-03-2021,Central,107.958541,63.47411211,46.08491649,17.08219726,0.504119631,37.50713067,18.83081707,25.14868227
26-03-2021,South,136.186127,71.79609318,43.67199799,30.22469399,1.311928687,17.81223593,26.38039503,68.98559975
27-03-2021,North,95.63908209,51.60680572,39.6852863,21.12585466,0.89751446,33.39922025,30.94695689,71.11127034
28-03-2021,West,83.04732143,17.50454565,55.09523993,10.08118895,1.139896495,29.42945688,26.49575486,79.06005354
29-03-2021,East,86.95822223,80.38784241,10.33246931,17.39895493,1.426677553,39.94360162,26.59071157,58.73535789
30-03-2021,East,78.20733925,71.40759179,45.09887248,20.48433016,1.065961043,39.3780121,24.78911947,70.76850967
31-03-2021,South,84.30476184,33.85578704,47.17738707,29.22699841,0.966108857,34.5582668,28.69559326,41.19060471
01-04-2021,West,92.58983803,50.88646812,51.46962868,25.14349358,1.058176443,32.3874232,24.07032292,72.19088076
02-04-2021,East,71.88865962,83.52273644,39.35128559,15.39141082,1.018958081,34.06694941,22.73050609,44.03910161
03-04-2021,East,100.3123667,81.71694628,42.07920067,32.09177877,1.373849499,30.49416697,30.52649126,83.19869349
04-04-2021,Central,118.0455435,74.07960034,49.85948383,19.84419818,1.093251519,29.51043407,22.34730841,31.43672654
05-04-2021,North,81.8448764,57.35831349,54.91166404,26.23164906,0.836679694,41.54062538,29.44735473,42.10301175
06-04-2021,West,130.3856785,61.24481128,36.99464015,14.22495751,1.314354717,42.50311856,30.52967731,54.91386161
07-04-2021,North,110.2158418,58.03611292,42.66975783,8.009184524,1.369145307,28.86672642,27.83408466,74.309539
08-04-2021,Central,120.6116117,76.92359675,56.78573964,12.95784255,0.598500812,31.90109122,18.7538224,72.41593736
09-04-2021,Central,86.84330892,46.8623639,18.75972924,3.748332619,1.459835165,30.6532418,25.13577455,34.7501812
10-04-2021,South,117.0905045,47.91300518,33.099874,30.56044664,1.109413532,17.10641246,23.99000001,30.09649876
11-04-2021,South,78.16132199,75.1541188,54.65835979,21.07266459,1.084980985,27.30851538,22.52000372,41.2778723
12-04-2021,South,117.80495,59.33457817,50.92537834,15.37677991,1.301987389,42.79763361,25.71375794,53.86279062
13-04-2021,West,103.4367868,80.67701033,45.22445211,22.26312015,0.829907083,24.001793,28.84603174,57.73035314
14-04-2021,South,111.0650244,49.9273169,35.51403127,20.94667018,1.286249354,46.9163477,22.7072367,50.03963137
15-04-2021,West,76.48810789,59.17832459,31.18181501,23.10466698,0.886967359,39.37701048,24.14308663,66.41630817
16-04-2021,North,82.09860315,46.16380523,34.08784381,26.04765701,0.557514796,33.2119852,23.79470533,49.92912605
17-04-2021,North,111.9445644,60.11044022,55.48008221,18.55039423,0.700673116,34.48674629,30.81935523,86.2430307
18-04-2021,West,81.03303992,37.82179595,33.71557311,15.60080347,1.17010655,22.66234643,23.71449691,38.26781936
19-04-2021,West,109.2641258,52.68549869,41.01422964,24.13887607,0.716359498,27.87816998,18.82797171,63.91604845
20-04-2021,East,72.65724387,38.45619203,32.46292355,24.01166389,1.483022837,41.53119288,17.13282581,62.79645571
21-04-2021,West,116.9634843,70.4088485,48.4277403,20.50367904,1.356785036,25.08376529,26.81364783,39.71023053
22-04-2021,Central,75.3495337,70.7488401,34.6127372,30.88777094,1.40003175,38.48905406,21.1965913,48.81813372
23-04-2021,West,111.0459988,34.04605904,39.0240611,17.81088939,1.037433574,18.98367848,28.34362253,45.58315336
24-04-2021,North,112.5126187,80.00828618,23.16617867,15.50071014,1.077358485,20.4147327,18.34390006,32.0749342
25-04-2021,West,86.06456363,97.4612269,23.86631764,22.09045714,0.641886444,45.21107732,22.30543917,53.41066488
26-04-2021,South,111.6405313,60.6900958,40.07673193,16.62531072,1.298735053,29.90530283,18.34715575,47.06635771
27-04-2021,South,105.2088453,50.3832861,26.74842845,22.47758262,1.113950037,25.6920009,27.17305358,32.4822152
28-04-2021,North,89.22316288,102.3649589,61.05086639,15.83495872,1.170191688,40.90192662,28.2442377,51.49160318
29-04-2021,North,79.82890632,40.21547253,19.38476888,17.99878859,1.506493543,39.96657244,26.69312579,49.52907778
30-04-2021,South,60.74748617,60.301597,31.99824701,29.4542021,0.818211105,37.36603652,19.5703184,29.19559744
01-05-2021,Central,106.9930009,62.69433409,40.16700867,17.97206322,0.962157535,25.44081664,21.27118128,29.18312793
02-05-2021,West,68.70394457,80.17721431,36.34867062,16.00574228,1.098001276,27.70465939,26.17156994,65.32551659
03-05-2021,South,101.906884,65.39608463,28.95854543,25.85339394,0.719369378,32.49303059,16.56129296,69.46065633
04-05-2021,Central,94.73103568,52.52049156,30.42072161,14.74479025,0.943720354,35.55519474,23.79432528,85.88262939
05-05-2021,Central,113.5828555,45.73223444,30.09345923,16.53528385,1.147884943,25.93213141,32.58452677,26.09032833
06-05-2021,South,93.95909001,54.8726727,37.13278305,22.8828056,0.902373619,31.36589688,24.10022225,28.25030447
07-05-2021,Central,93.41104427,44.89608959,59.5192909,24.69205712,1.392696823,32.13913041,17.5572768,23.62726899
08-05-2021,South,114.6374141,60.7173798,40.77937297,26.10238196,0.546722631,40.29415805,21.96295376,57.25599015
09-05-2021,West,106.7011606,51.5370573,51.82900489,16.26389084,1.336831372,36.03572663,21.84653837,63.592263
10-05-2021,East,106.3231191,37.5894331,45.06976346,22.98004336,1.198355642,17.94558684,35.7015439,48.24664164
11-05-2021,Central,109.3853518,78.82718683,51.13862398,17.669459,0.829351424,28.29095753,33.3283954,75.85315547
12-05-2021,South,69.28855754,52.53491215,12.00035697,16.97172183,0.72267743,22.56973304,28.65467717,68.06896052
13-05-2021,South,115.1357736,40.97794793,36.95541979,26.01606391,0.375915215,34.54469936,23.28462035,89.00882947
14-05-2021,Central,112.2493759,57.47611298,53.07135423,17.25222802,0.761447496,37.3852268,31.0031483,29.65264883
15-05-2021,West,79.66633743,61.02557349,34.28264177,21.39102298,1.314152997,30.81244788,19.3327018,24.0820965
16-05-2021,North,95.11839053,33.80299912,57.62473165,20.77789735,0.983174282,27.85498375,30.38287658,39.23625939
17-05-2021,South,99.21385425,64.97471501,54.83890154,14.64622812,1.348894264,30.55335834,29.63986769,21.33351367
18-05-2021,South,97.31006431,44.29263647,35.30869284,24.83046428,0.814038679,31.67135419,24.24327133,85.28279995
19-05-2021,Central,106.6771993,85.66543214,34.96836481,22.80140447,1.212131848,24.87920279,30.69593157,41.27661611
20-05-2021,Central,128.6273356,67.85940768,29.86394158,10.06854694,0.784750419,20.25031119,22.76389435,58.67011169
21-05-2021,North,121.6353346,54.00150015,33.70405768,21.38710556,0.710327498,13.59888766,18.67457201,42.2648743
22-05-2021,North,73.75561613,48.82248345,27.67410936,16.13513283,0.967861835,40.13745705,29.88982506,37.20660354
23-05-2021,North,112.4413998,58.42548439,44.2881118,25.48537653,0.800510047,33.97092995,24.57378535,30.66553068
24-05-2021,North,126.5786664,69.19186112,25.43953507,12.77300082,0.537153355,32.90008809,28.00890302,42.42561442
25-05-2021,North,107.7361704,59.61758807,46.03733016,18.21761516,0.94530559,40.1215911,34.10443296,63.07932513
26-05-2021,West,121.8196085,56.74261789,46.28078697,21.81012275,1.031930625,19.95625592,21.38872964,88.01348398
27-05-2021,North,140.2454089,60.87555436,23.38795595,20.27170147,1.380507583,16.11495299,24.28310248,59.06644283
28-05-2021,North,120.4741909,50.94211603,55.49818606,23.81479128,1.281041703,33.07385533,32.84817252,57.28963463
29-05-2021,Central,104.9861719,54.8519111,45.13609294,12.40789007,1.36598296,32.346171,28.34365865,22.46841127
30-05-2021,North,120.9017695,28.71311342,47.49698021,28.25957168,1.21610725,16.14954552,21.50108628,78.8069311
31-05-2021,Central,102.8977567,74.60589346,32.41334798,22.62572329,1.099783828,32.8761685,20.22491148,23.13889625
01-06-2021,South,100.4780609,64.4819667,46.22379118,26.79859107,0.631316528,26.79821638,22.3595968,83.43625919
02-06-2021,North,92.97171529,48.39816234,51.2639345,24.37120085,1.044961659,23.54329552,21.30792648,57.70702077
03-06-2021,South,131.2682672,88.48102472,39.01391601,19.94194943,1.179038133,27.33261033,26.1867406,31.79266237
04-06-2021,North,83.63142668,61.30524721,60.01922459,13.57900895,1.437231385,10.46777143,25.39217254,51.61951744
05-06-2021,Central,130.6473545,44.45784642,40.44064635,17.18223409,1.205886563,25.26900621,26.39618877,89.64891365
06-06-2021,Central,109.9972825,72.85106132,51.407858,27.94781666,1.37211503,24.36564344,20.79593599,41.35579964
07-06-2021,East,72.0138765,65.97072325,42.93008807,26.92718891,0.690400633,34.45681958,24.64583046,38.8621838
08-06-2021,Central,107.3529859,65.91869978,45.85521533,16.9020001,0.902074712,28.73415891,14.72150113,28.26041265
09-06-2021,West,57.99946985,53.61366593,23.28667732,5.908478569,1.128805214,35.11095099,25.72503159,61.79996442
10-06-2021,Central,112.5101603,66.75743586,43.71053738,18.93655133,1.348285807,9.603685242,30.87720322,26.24588993
11-06-2021,North,117.7046297,56.07362565,32.65024899,18.56148556,0.956431406,23.28721422,17.87627045,73.62056447
12-06-2021,South,88.15288089,68.33912177,31.53601694,18.75113694,0.975266212,34.44797641,27.41714115,84.345646
13-06-2021,South,102.4709539,31.42583319,57.44103184,22.64269601,1.206142092,27.52908296,21.94492824,85.23097779
14-06-2021,South,139.0831487,53.49189806,37.86229752,24.3810629,0.662238752,36.76368426,29.01250577,27.5541377
15-06-2021,North,89.88506591,85.83232647,29.96698169,24.95149774,1.482221365,15.56317672,25.79323726,59.07838181
16-06-2021,East,78.82184826,48.49398817,36.40868372,22.2285457,0.736259172,35.84888672,27.02352056,26.79768984
17-06-2021,West,129.633268,50.94242554,26.99549771,10.99614649,0.424423173,24.88688626,25.32411949,60.0411299
18-06-2021,North,139.2517438,53.28057992,54.33884468,18.29400134,1.003020103,24.11042332,31.64165903,77.04864096
19-06-2021,Central,100.0739134,41.77790796,33.04319256,31.52044892,1.509537611,37.92837638,26.73705239,57.64531136
20-06-2021,South,120.2292607,26.87578836,45.29299934,21.87108367,1.175935939,39.29520904,21.47288143,81.04376783
21-06-2021,North,126.8295183,56.54120402,53.56106714,21.83909784,1.225327163,38.27759757,25.49357526,76.11720484
22-06-2021,North,85.15031535,62.03789136,34.99847319,21.7974297,1.012415729,46.3091354,23.15559479,39.3583845
23-06-2021,Central,90.29388329,59.21242397,45.32022432,22.07689811,0.954286751,40.13442887,25.81199953,64.1071598
24-06-2021,East,124.6174903,57.82682157,29.69913945,8.084439095,0.536527189,23.63650733,22.90115144,20.51884885
25-06-2021,East,133.7002856,60.64561306,64.45769569,18.80237842,0.322184123,31.13310503,21.61594632,47.72293411
26-06-2021,East,111.2576172,75.34262207,49.36380135,19.81053584,1.058881702,27.11841673,25.99636106,36.65721174
27-06-2021,East,82.40371293,57.14330721,38.07393561,26.407477,1.393764758,46.23271888,25.27894814,85.59814422
28-06-2021,Central,139.7412222,51.38876134,32.27166269,20.23836447,1.103240111,38.83895964,30.31977923,48.37723082
29-06-2021,East,89.38058204,55.78311773,38.86003447,11.76744307,1.187079858,28.48895891,22.9252206,65.78450999
30-06-2021,East,93.29724438,68.6902014,36.60016278,22.15044578,1.475115264,37.02327838,15.09573076,71.23871265
01-07-2021,South,106.8467567,81.18040318,59.52944554,15.98087676,1.098630055,20.14241227,23.18064601,74.12487771
02-07-2021,East,131.0832084,50.57784391,27.74465278,13.91607179,0.96320347,32.0020939,16.86784621,71.50426344
03-07-2021,Central,117.0795195,61.48400681,41.34801423,15.82920477,0.754442558,22.49662006,27.07835987,40.24155427
04-07-2021,West,108.29731,65.07536163,39.81661933,22.71252115,1.606663769,16.49126239,16.63051036,68.02473877
05-07-2021,East,109.2657706,45.1113299,38.825897,26.2938062,1.157964334,36.2762899,20.05814469,58.43066376
06-07-2021,East,100.8702934,60.30625751,38.91383345,22.41464973,0.716919485,37.26872876,23.18832771,61.81608654
07-07-2021,North,111.1627903,38.01489214,38.8392919,23.16011612,0.6486497,33.65770109,32.71975302,20.05702321
08-07-2021,North,49.40879845,33.46424544,48.73066066,22.36522636,1.375919118,28.53626368,19.63554942,38.07803207
09-07-2021,West,94.06785082,65.50119612,46.08984446,20.50663588,0.688767491,19.86913076,25.06202492,85.14785877
10-07-2021,East,104.8264387,54.24187888,44.18911611,23.48465317,1.556150247,20.70922503,27.89988288,40.30532583
11-07-2021,West,76.97971833,63.03420611,9.660106379,7.906122665,0.173061161,22.24576016,32.42030277,50.66108656
12-07-2021,East,107.7264664,59.73157534,42.99794874,20.55544176,1.426778559,28.13061367,28.88897376,33.06717875
13-07-2021,North,95.91057558,45.35399927,23.4436064,14.77537483,1.146068443,38.60942987,30.46953476,29.70217863
14-07-2021,North,135.109514,59.32118547,46.46320163,25.81451286,1.035578327,38.48323369,29.32153529,34.6068278
15-07-2021,East,131.4603945,41.50348042,54.74497368,19.26422347,0.947362469,16.8114592,18.95438514,58.75531302
16-07-2021,South,90.68388862,80.86458537,30.73760887,20.15474044,1.567218955,24.45413331,26.79846052,84.3320056
17-07-2021,South,96.98324577,39.66044483,37.38219278,12.47464063,1.212117658,24.23871184,29.24330476,42.83394259
18-07-2021,East,98.52104869,57.06322094,34.00644295,25.08415445,0.729038917,9.747334972,20.21749855,42.63855665
19-07-2021,South,90.96681048,44.36592618,52.35431776,23.1366406,0.484327013,34.52896758,22.10120062,59.48984108
20-07-2021,Central,103.9004997,68.5563176,40.95027885,22.78473941,1.053189164,28.03072141,20.98403852,44.97199024
21-07-2021,North,84.83435862,55.02852943,57.28329381,15.93488574,0.99967866,29.09485971,28.86311493,83.72912336
22-07-2021,East,77.3876933,52.21999921,44.13754203,16.13180078,0.544039589,40.76696847,24.6535944,46.44936298
23-07-2021,West,112.4542245,72.79802318,42.42450181,21.11799727,0.983381942,30.70647211,23.39577053,54.33095768
24-07-2021,West,112.5905917,60.44145888,40.68206783,16.52750795,0.82781961,26.55415628,18.59165042,57.33724988
25-07-2021,West,83.91368481,67.74966669,48.17992099,22.17446481,1.00278702,34.57662097,24.66302873,74.74474566
26-07-2021,East,117.9071086,45.28011095,22.62313802,9.195436986,1.217777083,38.47097477,22.16205823,59.47341576
27-07-2021,South,87.36844542,38.92774584,40.85343956,17.56227722,1.447782984,32.37174053,26.21669783,36.74085701
28-07-2021,North,105.0633048,61.60811943,39.29953556,28.98376733,1.272666711,35.51351679,19.28516401,28.67910446
29-07-2021,West,116.4068803,55.21730467,47.25418827,22.19742914,0.783567775,28.8354588,25.8895313,85.64421827
30-07-2021,South,99.32774871,69.39652009,38.12298394,20.83396832,1.110674539,29.34513803,22.80524615,76.10940962
31-07-2021,South,109.0948182,58.80137321,29.61265566,29.92613268,1.018932136,30.90416568,18.75351537,21.60756472
01-08-2021,West,89.67140712,63.07613009,40.07350675,8.320231906,0.600361314,23.9750324,18.36357981,77.5070289
02-08-2021,East,96.07066833,35.64926205,29.17159471,15.92344443,1.119469835,25.45550709,19.11489806,61.34184557
03-08-2021,Central,95.88281138,88.32655409,20.74737787,17.99413414,1.557001701,41.02303713,23.96800471,56.32259645
04-08-2021,East,85.06843307,57.53637022,47.27122481,24.29175617,1.009727981,46.06364877,25.60497717,20.85604253
05-08-2021,West,96.46451674,70.46380456,45.79061573,24.37828182,0.521745196,42.73758331,26.34911816,74.66048395
06-08-2021,North,69.02763402,47.45862495,44.67090944,15.66996646,1.009080601,19.41394115,26.53776459,33.864551
07-08-2021,South,90.17692506,64.62014853,53.02928422,24.98977161,0.63588634,18.64113972,21.2073837,70.95868492
08-08-2021,North,94.30249013,40.45732855,33.3496811,17.98342616,1.259081652,20.47432454,30.29201454,21.11077732
09-08-2021,North,94.87640495,66.78101757,25.68885857,26.05819813,1.157459498,31.07509954,22.78887237,75.74475548
10-08-2021,North,95.17005108,54.66038873,39.29970223,14.83678651,0.948726984,7.530203261,27.2507488,21.61276278
11-08-2021,West,98.764716,60.43785756,36.524997,19.383442,0.90065072,25.28958747,24.17922283,36.51250329
12-08-2021,South,109.5888304,70.46961045,31.57704283,17.54916342,0.93632971,41.25679431,26.87810616,38.77947488
13-08-2021,North,117.4903415,41.51189533,39.20150847,25.28015186,1.002482348,37.85951065,23.92835967,31.02560467
14-08-2021,North,87.00469546,49.73262404,33.88394854,17.38609392,0.768329494,25.9272428,26.96817438,53.67407373
15-08-2021,North,75.93598289,66.85986422,21.63994717,19.78775735,0.583674076,26.53315647,24.96305565,39.85815717
16-08-2021,North,79.15911176,91.47332212,35.58823309,22.53405699,1.341609684,34.53793365,29.06920285,89.5301583
17-08-2021,East,90.25594158,57.92876498,28.63624833,22.72629242,0.884379707,37.48215004,20.90657478,60.59781554
18-08-2021,South,92.96157364,68.86704177,42.31648072,24.43476304,1.050112931,25.73490186,16.15054332,59.65344775
19-08-2021,East,84.60007868,58.39542795,33.43965242,21.05562388,1.085584585,28.12507183,20.1332129,35.46087411
20-08-2021,East,74.07766672,89.13368392,51.11631474,17.90875542,1.096606144,25.47192217,30.34459208,48.60826071
21-08-2021,South,90.87758345,33.791675,56.03866067,18.25150627,0.647854601,19.34920447,24.2272059,28.67845961
22-08-2021,East,103.6285324,61.41931567,46.79381373,20.12836158,0.497247951,28.24205002,25.46031148,73.37704766
23-08-2021,Central,111.9005893,35.6168395,24.48973818,21.24796238,0.823392243,27.63257968,19.73181693,43.18114723
24-08-2021,East,88.85153894,22.40142644,55.05195999,19.26414176,1.11871346,19.91484707,25.32776863,72.63760834
25-08-2021,West,91.74004356,64.4619308,55.7572045,20.0960171,0.78161504,35.1686475,19.88593678,46.01872
26-08-2021,East,81.46603382,62.09246694,40.18790511,12.4137307,0.893523594,33.86656543,20.62109362,89.21300681
27-08-2021,South,99.37121659,55.72744593,53.2292616,23.33677642,1.638189224,35.56575761,22.98758159,31.97851356
28-08-2021,North,83.03142732,58.40708865,34.48324862,20.90556144,0.446372835,23.85543716,27.22548629,20.10667257
29-08-2021,South,111.4625563,106.4744915,21.33754065,25.00935207,0.773489801,14.13139458,27.7592379,61.6377879
30-08-2021,South,64.28267016,56.12737293,32.39715561,20.00080254,1.568981221,33.73864904,27.89522449,86.70672401
31-08-2021,West,92.80740655,67.65186542,57.29300866,11.30801211,0.986620398,24.68709828,17.05957942,65.29378384
01-09-2021,Central,106.0221468,50.25952771,25.08920076,18.20776905,0.78820445,22.87465493,24.9666775,26.00064659
02-09-2021,Central,103.6766903,64.42848863,39.99521282,19.00035038,1.350630675,19.9435754,24.01609083,57.83362677
03-09-2021,East,153.8606733,56.42649487,40.34143893,23.71451653,1.016569131,27.79741978,17.33908792,83.66408553
04-09-2021,North,106.9960005,53.84222276,34.87025756,9.648632277,0.895507481,42.61861838,25.07991883,20.45542475
05-09-2021,North,79.91890806,87.28347798,35.564784,20.20589758,1.057710678,25.95640383,23.74786391,31.6838549
06-09-2021,South,98.09071506,77.65777445,40.72249134,22.56837608,0.802567357,21.28157565,27.55762836,77.01930893
07-09-2021,North,64.47507333,62.05119971,34.37837658,16.69256057,0.694752681,35.21546721,25.40623538,82.57349746
08-09-2021,West,98.38800501,25.43682096,25.77941503,20.37314005,0.965920922,31.38249824,22.25339735,69.50124346
09-09-2021,South,83.33887886,54.58486165,42.15031943,16.86481745,0.696700912,13.04558906,29.62881225,89.40921145
10-09-2021,South,118.3078055,100.5454135,50.73366582,16.35213533,1.003207994,35.29877056,13.8938325,26.31511507
11-09-2021,North,89.00919451,56.540075,48.69572519,17.95790075,1.10632197,47.02774215,24.67867436,58.19735611
12-09-2021,North,97.66468168,76.54826358,31.90264533,16.44654004,1.255918137,9.195712581,16.18374534,67.94963059
13-09-2021,Central,87.28884317,81.62913603,27.48772085,23.41809156,1.338377496,20.11435181,20.43903364,69.18513043
14-09-2021,North,134.777027,63.28445874,37.15812118,16.32524062,0.87827905,7.211783291,27.62406852,75.54392307
15-09-2021,West,93.57514468,47.37267552,55.6779151,15.48544996,1.149824382,29.39756463,18.6290126,84.23382316
16-09-2021,South,136.6511409,23.47031502,46.45598079,28.83964333,1.147757034,37.92308989,17.88141091,45.31490119
17-09-2021,South,116.2830352,70.26244813,47.03964677,24.80370006,1.098345615,30.844006,36.90972492,23.0074375
18-09-2021,South,109.6413345,47.77865996,48.89856952,10.6924332,0.856162177,41.13596558,18.20355474,45.37093401
19-09-2021,East,107.3746629,62.64225678,44.20766563,16.17615855,0.691579656,36.64440232,33.25260452,67.01303344
20-09-2021,South,107.875946,41.25269491,41.20608548,21.21231486,1.150600567,43.61717859,24.13898918,34.94192611
21-09-2021,South,61.44654841,56.02143689,46.62306897,21.61877534,0.487941231,39.28168614,22.37585439,76.69810661
22-09-2021,Central,94.42233212,60.50578582,34.53833896,12.54753567,0.91964817,26.77645545,27.83393195,35.38351204
23-09-2021,North,116.9031594,64.02890372,25.85536989,25.79282746,0.233910695,30.53381165,31.68297038,20.70443817
24-09-2021,West,99.02205633,43.27766719,47.22996935,24.1261221,0.599079273,23.05058468,19.26966029,55.5656542
25-09-2021,South,71.89620306,77.95366423,52.37738106,22.40950816,0.736859818,28.15475065,22.44875105,70.85231
26-09-2021,Central,98.95191099,51.04657823,28.81768061,26.78364245,1.329017262,30.49465338,29.23434867,44.47587384
27-09-2021,South,134.0821103,34.88295809,48.21921482,22.26144996,1.206432407,29.32074141,26.43997156,72.42270597
28-09-2021,South,124.9378343,58.3646487,56.80765713,22.2429044,0.833819595,40.73802821,30.50958915,50.68830339
29-09-2021,East,98.75991981,60.51562964,39.97753798,27.78839636,1.218810939,27.3586555,27.57555977,32.02002321
30-09-2021,West,119.0289855,62.4088415,31.81997815,25.5060979,1.266286889,22.54330869,34.04112005,26.33908757
01-10-2021,North,92.66985959,80.43198606,41.23018674,15.79246271,0.951800545,23.04311172,25.89294299,69.74110154
02-10-2021,West,65.92256826,56.45326745,34.49466032,23.16597589,0.584686557,35.24080217,26.10905574,47.00003513
03-10-2021,South,81.51068024,58.20570563,33.8326989,16.67866068,0.937626307,18.77489274,26.60860686,83.89416375
04-10-2021,East,131.2577754,43.45223428,44.33184067,22.52077275,0.970632278,28.39051064,24.28755574,57.8178541
05-10-2021,East,94.52013836,72.30830254,23.96270525,22.38306754,0.630263683,40.62000196,29.24043579,44.39026928
06-10-2021,North,95.13232041,62.76463596,25.56071078,13.08266344,1.110114038,32.34078757,26.18520612,44.42936489
07-10-2021,North,94.00323607,53.69958409,40.1929088,19.39077194,1.083943556,29.40315689,28.94090005,29.20065051
08-10-2021,East,138.0827318,31.4298796,39.77691461,21.32628512,1.13351281,29.71271677,29.72249927,61.56524075
09-10-2021,North,132.5191783,81.66618293,43.43554577,17.81854905,1.083676929,21.76348326,27.14227341,60.75169948
10-10-2021,North,144.3756047,41.58480053,58.75225388,21.57354971,1.218952911,23.14292232,27.50858162,75.99955844
11-10-2021,East,96.81909579,51.13082986,41.04514036,24.02948889,0.946201592,28.43854662,19.94835106,34.08378737
12-10-2021,Central,105.9124898,65.37516767,45.9817215,19.84703468,1.060535532,32.17018424,22.24823206,40.35527497
13-10-2021,South,69.66714901,42.05163107,30.24467064,21.12299738,0.880677915,37.58520009,29.21691726,26.80665784
14-10-2021,North,129.5386885,37.59735333,47.67937664,26.91712039,0.824650235,30.74048494,32.11815591,40.67395416
15-10-2021,South,76.64440897,28.14078626,34.73609135,22.36598292,1.401474889,40.82219341,15.29784887,49.9671481
16-10-2021,East,104.3355113,70.81495429,40.71420833,21.00412145,0.38686939,42.84158412,22.16068426,87.48198842
17-10-2021,Central,78.05394945,51.82220633,38.91151375,15.2096031,1.263027997,36.3621377,25.11810301,65.7146202
18-10-2021,North,88.22266347,103.9090514,50.32974235,23.35513006,0.813837737,39.79985126,20.60362769,74.80117508
19-10-2021,East,83.25475138,45.08467402,26.90023446,21.65074975,0.774988547,22.07429183,20.88740178,42.78569197
20-10-2021,North,87.84249479,46.17823465,17.16761365,26.41869717,1.078473245,20.80640852,27.37459937,30.1158969
21-10-2021,West,89.21754594,51.51910545,37.86567303,20.23439272,0.553117116,34.14378701,32.90687985,37.97039593
22-10-2021,South,89.0346241,63.64701983,44.68531257,10.9186675,0.755193078,19.27032151,14.84088222,37.95273837
23-10-2021,North,116.6666782,52.94694992,41.52269376,11.49939566,0.745258106,27.67702525,24.14761926,60.81807298
24-10-2021,Central,77.90274414,69.18498321,52.32204237,23.67840382,0.933580523,36.16953524,27.31640171,43.90297927
25-10-2021,South,104.4108285,45.32117415,44.37372674,17.14903201,0.758758694,41.3069834,28.90106986,80.0179205
26-10-2021,West,124.359183,39.27612422,34.36151668,22.18383876,1.480335606,27.9662748,26.59563672,89.19811635
27-10-2021,West,89.73607271,33.02677891,16.74579846,20.57116322,1.539104955,24.80044564,33.80701275,44.03088837
28-10-2021,Central,85.64162219,26.64638748,37.62687766,19.16580166,0.393401943,32.56369297,25.14453297,69.35421916
29-10-2021,West,95.3895075,52.22896471,50.27959002,19.51819357,1.163296811,21.41165245,31.55996395,66.02406073
30-10-2021,North,123.5945042,55.48529531,36.07952217,15.67305247,1.257599032,28.61377081,21.76816165,33.61237414
31-10-2021,South,103.8821526,50.52844459,40.28320264,19.92111156,1.162895561,29.93599961,25.28991473,84.26060164
01-11-2021,East,89.37571411,78.65108696,44.21360254,17.07753284,0.802565952,29.77612806,18.93642462,33.9609811
02-11-2021,West,109.677533,78.42045314,29.84707626,18.1387174,0.926771331,30.70802779,29.5043222,71.58699922
03-11-2021,South,77.954157,54.97795519,46.23235897,18.38175478,0.775517604,23.32388116,24.39778569,44.33267496
04-11-2021,North,113.6271902,33.0911833,56.3712179,18.86653365,0.873920791,24.18405606,26.78910531,45.69570969
05-11-2021,North,108.1721462,51.49942338,38.27186648,24.61086728,0.637010491,24.02306991,23.43315684,51.8814337
06-11-2021,North,93.84383058,51.00267909,28.70935578,19.35104585,0.965563354,17.03924529,27.93214251,80.51555846
07-11-2021,East,83.22828403,50.14297557,39.33398973,25.11851168,0.549159487,32.73464257,26.98716987,29.81763591
08-11-2021,South,82.26638155,49.53421644,17.75615891,27.68927476,0.939959634,37.15725961,20.02674285,23.81987045
09-11-2021,North,110.6963467,50.19805656,43.36903264,24.27472326,0.625425493,36.37048066,20.31616284,48.14285732
10-11-2021,North,124.57961,54.20187576,44.52274378,22.67234268,1.062044909,27.90002512,24.86115635,23.89095694
11-11-2021,Central,87.25384506,50.46688352,56.75636294,21.63416105,0.796174132,23.51195808,28.29786979,68.13206181
12-11-2021,East,109.1677341,63.12483763,38.06005207,24.32679355,1.087174104,35.95451714,34.31447777,73.22275525
13-11-2021,South,58.25945963,65.40553074,44.08485338,20.44680369,1.324474219,35.11138418,26.51495428,79.82986763
14-11-2021,Central,88.30764539,46.34032369,31.38711898,24.92284923,1.476834081,31.73936514,30.03765701,72.06895718
15-11-2021,Central,99.37882134,79.06597989,36.43572879,23.07052903,0.241598623,43.95449002,16.93574533,84.14459756
16-11-2021,West,81.80633166,45.29906547,24.74814563,18.2007977,0.749741772,29.78859583,35.06477925,72.38107859
17-11-2021,Central,81.2698725,35.73299079,38.05210379,24.4792544,0.909074177,27.94488013,28.02843106,85.52529479
18-11-2021,East,86.64440887,65.71167107,36.94690846,20.45740003,1.138098346,26.80146135,24.75197744,33.51775559
19-11-2021,North,105.8438546,47.73887798,42.99199766,19.46933996,0.504893649,17.51297835,24.17651976,54.9904193
20-11-2021,Central,96.25341963,64.81937206,33.7640312,17.6190042,0.705372278,35.29071971,19.46400101,89.57514198
21-11-2021,North,55.23537533,23.94497098,40.83345351,20.83009424,1.039107161,29.15611706,20.89356602,67.71047278
22-11-2021,South,57.58599695,80.88683912,36.66619944,24.98231308,1.025466472,34.07944993,34.55217816,81.50487826
23-11-2021,South,87.86269644,70.08440112,36.68500612,24.44470003,1.113285522,44.73502402,20.05497781,22.12756557
24-11-2021,West,109.1537317,37.49285176,40.80362326,21.76696899,1.133102718,26.87398584,19.95866121,81.0230529
25-11-2021,South,45.04990315,37.81834314,40.40522942,22.9982182,1.10157833,11.29593027,21.48889757,68.83992642
26-11-2021,East,90.00539648,85.08398856,47.61174039,26.35848396,1.058096595,33.84856296,19.00909624,31.95288038
27-11-2021,North,89.47504287,48.93930145,38.79356966,19.25016854,1.016721932,31.33487512,25.07653287,21.79766695
28-11-2021,Central,127.7667556,47.48722727,36.50114651,14.42289998,1.199428927,24.14036899,30.44455256,38.19486047
29-11-2021,East,92.29956377,26.00921859,38.19192555,26.50564926,0.3282032,33.17813068,21.94753837,84.10413513
30-11-2021,West,107.6597797,54.73832692,32.85335883,17.35110874,1.463300046,36.28877056,18.1333786,66.76930571
01-12-2021,West,102.8251428,56.58420578,36.40088906,16.54830938,0.338655385,22.42712072,26.45930657,84.3628373
02-12-2021,West,57.3886704,70.73239645,60.31158713,11.01901122,0.676251455,27.58934511,24.72112831,51.23055477
03-12-2021,West,115.3641443,39.01382358,30.87321239,22.85641527,0.931971761,41.81402984,30.01362275,85.56389667
04-12-2021,South,104.3079301,37.19569812,37.21343666,11.89273688,1.201783867,24.22702247,22.7274585,52.40718708
05-12-2021,East,110.1653728,66.76443952,36.12511337,16.24870596,0.101419933,30.53335804,23.6992161,34.29783071
06-12-2021,West,178.5247541,75.10095107,37.52828388,22.94118397,0.991562703,9.004710672,24.25234818,30.59754249
07-12-2021,East,58.31774121,36.43271473,36.68760691,23.60960626,1.237718512,18.14523599,25.44502055,89.56682691
08-12-2021,South,134.493933,76.22271129,42.79240101,16.74147926,1.298355435,31.26013998,23.03719161,43.3703863
09-12-2021,Central,94.25104961,60.56312762,22.89824899,19.32923337,0.790801102,39.82390248,22.22677946,31.20371177
10-12-2021,Central,105.7465781,76.37708009,50.37171473,15.63702737,0.909749414,19.10376254,15.74811158,20.58859016
11-12-2021,South,99.08975509,58.94669458,46.325828,17.25801606,0.815155561,30.5965125,22.17306395,39.98986966
12-12-2021,North,91.51527333,22.16583124,27.57128414,21.3310763,0.882197604,26.99425673,28.57611634,82.23813005
13-12-2021,Central,88.60334144,57.72048927,17.30922727,17.49176661,0.690452035,37.62470444,29.2512276,57.38065245
14-12-2021,East,106.5901747,75.90215728,30.22927854,18.7789248,0.733224351,20.25757356,22.64443488,64.27045361
15-12-2021,West,69.65652607,46.59380971,37.57333539,12.67646659,1.130313077,33.44062119,31.49742999,84.56737727
16-12-2021,South,115.0115834,54.18052547,65.80291899,25.66478082,1.039484612,24.7704745,24.85647964,55.89879427
17-12-2021,Central,91.6761119,57.35799745,45.43256965,22.55033297,1.147475952,31.7843042,18.31076814,78.67958921
18-12-2021,South,77.39861322,16.5072918,21.92410351,23.96452686,1.064204317,30.55144842,16.73807972,42.66832947
19-12-2021,West,90.99974284,85.07021363,33.10344495,26.45212662,1.21130158,27.98576741,31.09128961,88.3971304
20-12-2021,South,125.1429843,46.4793648,39.46787564,15.87393562,1.263464199,33.82249477,23.13498137,25.51697115
21-12-2021,North,89.29329826,67.58603149,42.53683554,18.20802758,0.477485014,30.34922187,18.92967738,70.73806679
22-12-2021,North,107.1690724,58.69948296,26.8525114,10.52582816,0.743707105,28.93754958,13.70361914,66.23964007
23-12-2021,South,85.38087449,78.86428585,38.65009772,35.70211455,0.930587213,27.14866773,23.02141945,33.41700541
24-12-2021,Central,115.158437,66.09084184,32.82360862,19.25207342,0.993196742,30.62078712,27.02375429,47.21907992
25-12-2021,North,113.7101548,56.47613593,28.96241437,25.1936395,0.798972828,31.77634839,21.51154428,41.89803817
26-12-2021,South,136.9721767,46.59727361,42.59595647,13.80919428,1.273607101,22.08686336,19.7337742,26.61450078
27-12-2021,North,96.48872109,71.96776052,47.73877173,24.98194213,1.59398451,27.2042301,22.25312116,60.93516161
28-12-2021,Central,113.3730961,31.89838044,48.41041277,29.28795438,1.055848587,21.55851244,31.2159601,89.55688919
29-12-2021,South,101.9613508,69.6883563,45.74386351,19.69859625,1.02530231,29.68123662,18.03509191,59.17116987
30-12-2021,Central,125.9174356,43.51432873,35.02630467,14.94559252,1.254836877,25.26134236,21.79149485,58.16819348
01-01-2020,Central,85.62335225,78.78425493,47.14549761,19.306018,0.440248073,36.16626518,31.0537887,22.82195951
02-01-2020,South,114.9001063,62.41949314,43.09054438,8.866192375,1.008540682,35.38181582,27.47088145,29.74541564
03-01-2020,Central,96.10605408,69.66185652,41.33941883,19.81056649,1.293710748,22.61801149,25.89563907,55.92533624
04-01-2020,South,98.71623646,61.22983221,33.88306878,24.1048357,0.807053801,29.98154124,21.75776932,88.96249949
05-01-2020,South,101.8350497,33.71434357,35.03123873,19.82121178,0.632031826,35.10813263,25.15252407,81.36254148
06-01-2020,South,105.0448079,47.08906255,40.73886936,18.57930223,0.944258317,28.59753344,22.31085466,43.8146385
07-01-2020,Central,97.67541914,70.08584006,64.39874467,22.63784058,0.98179437,24.1742598,20.70306934,58.0102978
08-01-2020,West,104.2942637,62.49983726,43.0124248,23.02012423,0.727404315,21.26077178,19.59971262,58.68915556
09-01-2020,East,131.5623612,77.71484858,33.88811498,11.70047219,1.628848383,36.83414049,28.92047798,67.97524289
10-01-2020,East,119.7089937,66.04911845,31.67610555,20.44411481,0.856391086,37.22170519,24.69796934,68.14474289
11-01-2020,East,117.3830918,45.49947164,35.08233387,32.17992562,0.653902195,28.33641921,26.57256872,75.28547419
12-01-2020,East,90.88920948,48.05903793,61.77293448,13.32491877,0.971913604,36.12910068,25.75836593,21.74797174
13-01-2020,North,82.21518344,61.54376086,36.00743354,19.57290584,1.272358191,6.278315761,27.20459414,86.05761334
14-01-2020,West,119.1060112,25.28933901,49.06870535,29.70873061,1.005224275,40.62043721,23.72640605,24.90434322
15-01-2020,West,117.5209359,85.10162828,36.24071755,25.52087578,1.145678176,28.74444156,22.59171274,53.3312078
16-01-2020,East,129.4534135,66.62620105,42.61184541,17.4330166,0.738546822,31.13421249,20.92359835,84.37054935
17-01-2020,South,87.92038748,78.40551896,47.91745274,21.0306769,1.446306534,27.43585821,17.93015433,54.13681805
18-01-2020,East,95.40902689,36.29094089,34.2809715,19.9894416,1.168513308,41.16565985,19.38983415,24.4545784
19-01-2020,Central,67.21031675,78.66847741,33.58888346,16.25964098,1.314310471,21.51414701,23.17291139,36.04680139
20-01-2020,East,92.15057788,93.47248367,56.58869694,19.62873946,1.10954819,41.79568261,16.98480258,60.50667288
21-01-2020,East,119.9314102,40.18682467,49.84592895,18.60016934,1.247465211,33.17016737,18.08857048,26.15031325
22-01-2020,West,90.67009242,71.57102692,47.90672319,20.56374469,0.738084232,34.98131373,30.21069946,49.65745517
23-01-2020,West,112.8095959,60.01664917,47.87276293,16.2580841,0.852576875,27.36636349,26.12089742,43.03652863
24-01-2020,East,96.18993788,36.83349228,44.59575488,13.616909,1.403944179,19.53424642,22.74081636,77.06453395
25-01-2020,South,106.4811406,67.39325958,60.17775813,19.79359613,1.467922584,37.44408612,36.35787229,27.70923568
26-01-2020,West,77.0461722,72.50404807,40.43908302,28.57559109,0.65588032,32.49126681,16.75875141,67.79589151
27-01-2020,West,101.704189,50.98310171,45.77262367,20.41101463,1.07492082,40.89298767,29.87805638,48.46123496
28-01-2020,South,40.17728058,77.4887478,25.49087071,18.34203111,0.87071686,28.44978944,24.44266959,61.14254763
29-01-2020,East,96.26207684,34.9985489,31.75039313,23.77042903,0.790890559,26.64614897,28.92523511,34.38722403
30-01-2020,North,67.39053513,37.5786578,27.99181,19.20840194,1.085451909,41.10470589,25.54476859,62.67925793
31-01-2020,North,124.1198903,62.04896093,52.74063584,29.34016462,1.34228888,45.29515332,15.63877469,67.17844092
01-02-2020,East,115.5481471,60.38077917,14.47459848,19.98043745,1.135498742,30.07477741,25.47730234,24.91620953
02-02-2020,North,109.3334196,49.25139767,35.97689977,23.50248532,0.904146265,23.97794003,26.67777927,77.70409873
03-02-2020,Central,130.4201245,72.14391654,10.06293397,16.22697809,1.154458354,36.4842461,14.04007351,80.2877879
04-02-2020,East,81.02166958,67.96341471,31.68712105,22.51544627,0.892007148,27.96783547,34.72024147,24.4487839
05-02-2020,North,134.947264,72.87208606,35.0905105,21.37546738,1.12363429,34.7941026,26.55603797,62.22312417
06-02-2020,Central,118.6438313,58.15295347,53.84871094,19.71746938,1.41893971,27.9257922,28.3599387,61.58080479
07-02-2020,East,95.26889426,69.03870402,43.96627939,17.49121119,0.376852102,42.51211215,19.17235305,20.87208883
08-02-2020,Central,122.7124029,53.31524545,31.66858477,16.80984917,1.23917569,24.40408396,28.45308761,43.96424898
09-02-2020,Central,77.87412975,90.80728035,50.6596372,21.41176332,0.538283524,33.8442373,30.4475223,87.82480479
10-02-2020,North,83.50971677,47.81181345,40.17832255,23.14469555,1.368498313,26.09038424,26.26784114,58.88155266
11-02-2020,West,87.82820554,91.57946144,40.37566859,19.36418602,0.808892317,27.74794751,24.95314221,85.32482619
12-02-2020,East,89.42044584,60.52331921,27.97328492,21.43633965,0.634698587,26.70355476,20.53205938,67.29512451
13-02-2020,South,78.86884714,39.36733666,30.09986286,19.81042661,1.208580768,35.90886453,23.91896541,21.98733628
14-02-2020,North,124.4616613,80.52119026,31.749027,20.49263012,1.109251019,37.34690492,22.43985243,25.43992386
15-02-2020,East,94.82291199,61.88852083,40.46461273,18.99777509,0.700243929,34.46191063,27.85997819,70.55252688
16-02-2020,Central,107.0500994,72.76686148,40.77885727,20.0898629,0.624100073,29.13613227,20.75062037,58.81974533
17-02-2020,South,88.59297267,78.35783878,55.44092664,33.49020228,0.943755554,31.12144025,27.82325361,28.90061652
18-02-2020,North,63.58793399,65.06933331,43.85055168,21.55817149,0.638773915,37.18177255,20.80507219,62.98438748
19-02-2020,West,105.4011472,51.11638733,12.92434306,23.22648479,0.681558108,37.4344927,23.68823723,76.72011524
20-02-2020,South,61.75490049,74.63570067,42.62641988,22.19011803,1.034686237,8.477794949,28.08022199,72.70877011
21-02-2020,East,98.62731908,60.01133261,25.49983644,18.68591588,0.71023851,27.82222263,21.4810164,37.2313722
22-02-2020,Central,72.63369922,70.28786728,30.34029075,26.46994607,1.127961787,28.20592967,28.25268244,38.07364767
23-02-2020,Central,139.74552,27.69404139,31.87830528,18.54418115,1.447043079,35.35402051,27.76497079,87.74864636
24-02-2020,Central,118.2272544,66.70472576,33.36661676,25.27527274,0.955433376,29.46583346,23.64524663,82.11833615
25-02-2020,North,102.1150758,50.42121262,26.24850608,18.32896501,1.039045319,35.75346705,30.80891601,42.28361201
26-02-2020,South,125.2741336,84.79964456,42.03482003,15.2001374,1.60542902,21.37071383,25.38892171,77.68381428
27-02-2020,North,83.07368045,69.34631022,25.89197715,21.82698104,0.643719665,32.08043612,30.51138263,31.32169708
28-02-2020,South,110.8695876,63.59786619,43.56667607,14.47665822,1.357370559,37.20164523,33.96732462,33.77887709
29-02-2020,East,103.9962087,67.2946499,62.36971077,22.67820113,1.321257279,18.20493705,23.79349489,32.68372377
01-03-2020,North,105.2804016,45.02338721,26.70640941,14.02920672,1.256295202,50.10914775,28.22477492,26.14045425
02-03-2020,East,125.44707,84.34885036,37.15489696,18.40495985,1.387524355,39.52708746,21.81216037,79.82746813
03-03-2020,West,114.6498421,89.87055628,14.76542637,12.84135152,1.08417249,30.01082642,19.83592795,60.51648287
04-03-2020,Central,105.7744733,65.89370266,36.99064707,34.12083505,0.825121151,23.37273514,24.02270171,38.12692647
05-03-2020,North,66.90225128,83.85605353,46.42717153,11.7302022,1.328371987,28.5993188,18.1869986,79.40585229
06-03-2020,East,80.79907409,51.46277702,47.20639231,20.0490687,1.339852664,30.67041888,20.3119611,76.18527316
07-03-2020,East,97.54582133,48.04329651,40.7736373,25.71652137,1.33159417,33.52530045,27.957163,27.06660627
08-03-2020,West,101.8674475,60.61387123,48.89263425,25.18192954,1.013350625,42.0052868,22.43175492,65.08975616
09-03-2020,Central,77.39592551,66.52411558,65.46054536,24.25671061,0.785141646,26.19121224,28.55257044,70.52835211
10-03-2020,North,148.2335335,54.09019978,57.12304687,18.41385806,1.057408676,34.5016787,26.49705969,70.10791359
11-03-2020,South,130.3278811,68.06652286,34.77479071,26.75544473,1.282669005,19.6605667,34.25577031,70.61998955
12-03-2020,North,112.0423664,64.59584223,25.48896014,24.56695545,1.307305537,26.69119429,27.62168643,31.862045
13-03-2020,West,101.4407372,45.02539837,35.93848583,21.06149809,0.871097162,33.01373478,30.57109035,42.0560518
14-03-2020,West,95.7558206,67.78189526,30.53017234,21.20290379,1.094611869,35.53009993,27.00942332,79.0924956
15-03-2020,Central,80.9616308,72.95292364,44.51347548,18.48038676,0.607366509,23.97414019,26.55696751,82.88742252
16-03-2020,West,101.5496104,62.57203976,28.18806461,15.45173987,1.295485031,26.47366643,30.82366521,39.54322206
17-03-2020,Central,105.1550508,77.28972155,39.27177567,26.18575488,0.765007373,41.68445308,28.34398733,21.61136613
18-03-2020,East,75.16478849,41.7389431,48.38014055,26.56103997,1.235576608,39.29526896,26.05031806,80.1836863
19-03-2020,Central,106.6835283,67.01925633,38.99304127,15.57945429,0.655208627,31.66765774,26.02827333,46.39642865
20-03-2020,South,96.89481902,42.4457894,30.53686177,19.23107417,1.309424772,12.10683877,27.69114656,43.06244892
